name,band_gap,lattice_constant,num_sites,structure,Mxenes,density,vpa,packing fraction,composition,composition_oxid,minimum oxidation state,maximum oxidation state,range oxidation state,std_dev oxidation state,mean wt CN_1,std_dev wt CN_1,mean sgl_bd CN_1,std_dev sgl_bd CN_1,mean wt CN_2,std_dev wt CN_2,mean L-shaped CN_2,std_dev L-shaped CN_2,mean water-like CN_2,std_dev water-like CN_2,mean bent 120 degrees CN_2,std_dev bent 120 degrees CN_2,mean bent 150 degrees CN_2,std_dev bent 150 degrees CN_2,mean linear CN_2,std_dev linear CN_2,mean wt CN_3,std_dev wt CN_3,mean trigonal planar CN_3,std_dev trigonal planar CN_3,mean trigonal non-coplanar CN_3,std_dev trigonal non-coplanar CN_3,mean T-shaped CN_3,std_dev T-shaped CN_3,mean wt CN_4,std_dev wt CN_4,mean square co-planar CN_4,std_dev square co-planar CN_4,mean tetrahedral CN_4,std_dev tetrahedral CN_4,mean rectangular see-saw-like CN_4,std_dev rectangular see-saw-like CN_4,mean see-saw-like CN_4,std_dev see-saw-like CN_4,mean trigonal pyramidal CN_4,std_dev trigonal pyramidal CN_4,mean wt CN_5,std_dev wt CN_5,mean pentagonal planar CN_5,std_dev pentagonal planar CN_5,mean square pyramidal CN_5,std_dev square pyramidal CN_5,mean trigonal bipyramidal CN_5,std_dev trigonal bipyramidal CN_5,mean wt CN_6,std_dev wt CN_6,mean hexagonal planar CN_6,std_dev hexagonal planar CN_6,mean octahedral CN_6,std_dev octahedral CN_6,mean pentagonal pyramidal CN_6,std_dev pentagonal pyramidal CN_6,mean wt CN_7,std_dev wt CN_7,mean hexagonal pyramidal CN_7,std_dev hexagonal pyramidal CN_7,mean pentagonal bipyramidal CN_7,std_dev pentagonal bipyramidal CN_7,mean wt CN_8,std_dev wt CN_8,mean body-centered cubic CN_8,std_dev body-centered cubic CN_8,mean hexagonal bipyramidal CN_8,std_dev hexagonal bipyramidal CN_8,mean wt CN_9,std_dev wt CN_9,mean q2 CN_9,std_dev q2 CN_9,mean q4 CN_9,std_dev q4 CN_9,mean q6 CN_9,std_dev q6 CN_9,mean wt CN_10,std_dev wt CN_10,mean q2 CN_10,std_dev q2 CN_10,mean q4 CN_10,std_dev q4 CN_10,mean q6 CN_10,std_dev q6 CN_10,mean wt CN_11,std_dev wt CN_11,mean q2 CN_11,std_dev q2 CN_11,mean q4 CN_11,std_dev q4 CN_11,mean q6 CN_11,std_dev q6 CN_11,mean wt CN_12,std_dev wt CN_12,mean cuboctahedral CN_12,std_dev cuboctahedral CN_12,mean q2 CN_12,std_dev q2 CN_12,mean q4 CN_12,std_dev q4 CN_12,mean q6 CN_12,std_dev q6 CN_12,mean wt CN_13,std_dev wt CN_13,mean wt CN_14,std_dev wt CN_14,mean wt CN_15,std_dev wt CN_15,mean wt CN_16,std_dev wt CN_16,mean wt CN_17,std_dev wt CN_17,mean wt CN_18,std_dev wt CN_18,mean wt CN_19,std_dev wt CN_19,mean wt CN_20,std_dev wt CN_20,mean wt CN_21,std_dev wt CN_21,mean wt CN_22,std_dev wt CN_22,mean wt CN_23,std_dev wt CN_23,mean wt CN_24,std_dev wt CN_24,SiteStatsFingerprint Exceptions,features,compounds,total_piezo_tensor,total_dielectric_tensor,Piezo_31 (pm/V),Piezo_33 (pm/V),Piezo_11 (pm/V),max_piezo,_pred_mu,_pred_sigma,_mahalanobis
Nb-Cr-N-F-F,0.344,3.295,5.0,"Full Formula (Nb1 Cr1 N1 F2)
Reduced Formula: NbCrNF2
abc   :   3.295947   3.295947  32.086925
angles:  90.000000  90.000000 120.000000
pbc   :       True       True       True
Sites (5)
  #  SP            a          b         c
---  ----  ---------  ---------  --------
  0  Cr     0.333333   0.666667  0.272411
  1  F      0.333333   0.666667  0.370501
  2  F      0.666667   0.333333  0.237076
  3  N     -0         -0         0.296535
  4  Nb     0.666667   0.333333  0.32888",NbCrNFF,1.0831503837374532,60.37390342663349,0.08765918192897057,Nb1 Cr1 N1 F2,Nb2+1 Cr3+1 N3-1 F-2,-3,3,6,2.581988897471611,0.0,0.0,0.0,0.0,0.0,0.0,0.0,0.0,0.0,0.0,0.0,0.0,0.0,0.0,0.0,0.0,0.3951647422045016,0.455139049946105,0.010272905411167293,0.011291462983126074,0.09246312923088669,0.11167834100958844,0.18400859132785105,0.21864551172859145,0.019588495858101695,0.03917699171620339,0.005548031707229662,0.011096063414459324,0.00428334734854602,0.00856669469709204,0.008299472510822598,0.016598945021645196,0.00948853834910623,0.01897707669821246,0.009533603228203315,0.01906720645640663,0.0,0.0,0.0,0.0,0.0,0.0,0.0,0.0,0.5265543300688298,0.43199340896205307,0.12047910601792915,0.10118446243080832,0.37069575444934105,0.3124262703139112,0.18998228004159862,0.15709270855375532,0.0,0.0,0.0,0.0,0.0,0.0,0.0,0.0,0.0,0.0,0.0,0.0,0.03834235001628848,0.05581963440422893,0.0018978455093915207,0.0033925458105557565,0.014751074247596424,0.020608364085738712,0.015665669670492176,0.024691720226206536,0.02035008185227847,0.04070016370455694,0.0023535706372361078,0.0047071412744722155,0.0065465457562848845,0.013093091512569769,0.0068247010797675076,0.013649402159535015,0.0,0.0,0.0,0.0,0.0,0.0,0.0,0.0,0.0,0.0,0.0,0.0,0.0,0.0,0.0,0.0,0.0,0.0,0.0,0.0,0.0,0.0,0.0,0.0,0.0,0.0,0.0,0.0,0.0,0.0,0.0,0.0,0.0,0.0,0.0,0.0,0.0,0.0,0.0,0.0,0.0,0.0,,0.0,,,,,,,,0.09569745,5.268356e-08,5937.87290237353
Nb-Cr-N-NCO-OH,0.226,3.185,8.0,"Full Formula (Nb1 Cr1 H1 C1 N2 O2)
Reduced Formula: NbCrHC(NO)2
abc   :   3.185389   3.185389  34.352914
angles:  90.000000  90.000000 120.000000
pbc   :       True       True       True
Sites (8)
  #  SP            a          b         c
---  ----  ---------  ---------  --------
  0  C      0.333333   0.666667  0.415557
  1  Cr     0.333333   0.666667  0.282042
  2  H      0.666667   0.333333  0.218371
  3  N     -0         -0         0.30169
  4  N      0.333333   0.666667  0.379206
  5  Nb     0.666667   0.333333  0.337875
  6  O      0.333333   0.666667  0.450646
  7  O      0.666667   0.333333  0.247026",NbCrNNCOOH,1.1988186012163735,37.73368964164577,0.09897172268129097,Nb1 Cr1 N2 C1 O2 H1,Nb2+1 Cr3+1 N3-2 C4+1 O2-2 H+1,-3,4,7,2.9351975428213715,0.36265774478097523,0.4038347702373536,0.36265774478097523,0.4038347702373536,0.11348920319910136,0.30026420815569815,3.93468657974833e-14,1.0410202176997395e-13,4.079497754899385e-09,1.0793336533510102e-08,6.592883193155989e-06,1.7443129351988165e-05,0.01318256609689233,0.034877791534048505,0.11348920319910136,0.30026420815569815,0.03372689189033057,0.06027243899533832,0.011369869728628204,0.02038587971729329,0.03353762092948739,0.06010800254577379,0.005618028324118136,0.00997258197317962,0.14789812809098093,0.2616124956980155,0.04855926598795642,0.08623339656682875,0.03763199865569615,0.066791855903841,0.1123996892156351,0.20988216013976702,0.08060110111746646,0.14133257544665767,0.0807677273725487,0.14162139872695492,0.0009549239289424808,0.002526491236966518,0.00012621568325038547,0.0003339353094366204,0.00046132956663836396,0.001220563305766311,0.0004079330816380013,0.0010792894855703606,0.3079169427000147,0.39783840927840797,0.07176736571387905,0.09326495436008661,0.2392392705657515,0.3199103544734052,0.1307914287503758,0.16915216671434205,0.0,0.0,0.0,0.0,0.0,0.0,0.0,0.0,0.0,0.0,0.0,0.0,0.030491531140124532,0.05305215006653306,0.002141023172362533,0.00452054706497758,0.012847761961910897,0.022951452334940975,0.008704920412605122,0.016183229354492935,0.0023871701564527332,0.006315858571169083,0.00046220864192188525,0.0012228891203502118,0.0008325149238301107,0.002202627451204353,0.0005170590407702324,0.001368009635015642,0.0,0.0,0.0,0.0,0.0,0.0,0.0,0.0,0.0,0.0,0.0,0.0,0.0,0.0,0.0,0.0,0.0,0.0,0.0,0.0,0.0,0.0,0.0,0.0,0.0004774641130774752,0.0012632513031610219,0.0,0.0,0.0,0.0,0.0,0.0,0.0,0.0,0.0,0.0,0.0,0.0,0.0,0.0,0.0,0.0,,0.36265774478097523,,,,,,,,0.053496037,2.634178e-08,4334.61765667274
Nb-Cr-N-Cl-OCN,0.357,3.227,7.0,"Full Formula (Nb1 Cr1 C1 N2 Cl1 O1)
Reduced Formula: NbCrCN2ClO
abc   :   3.227473   3.227473  33.462890
angles:  90.000000  90.000000 120.000000
pbc   :       True       True       True
Sites (7)
  #  SP            a          b         c
---  ----  ---------  ---------  --------
  0  C      0.666667   0.333333  0.177277
  1  Cl     0.333333   0.666667  0.36384
  2  Cr     0.333333   0.666667  0.254126
  3  N     -0         -0         0.273475
  4  N      0.666667   0.333333  0.141706
  5  Nb     0.666667   0.333333  0.310719
  6  O      0.666667   0.333333  0.216883",NbCrNClOCN,1.3002854183130568,43.12421673330943,0.10963381835815564,Nb1 Cr1 N2 Cl1 O1 C1,Nb2+1 Cr3+1 N3-2 Cl-1 O2-1 C4+1,-3,4,7,3.0166206257996713,0.19344489010278867,0.34828740532684244,0.19344489010278867,0.34828740532684244,0.13978131010072695,0.3423928853245254,4.846237610709783e-14,1.187080931852367e-13,5.024597271446221e-09,1.2307699478023866e-08,8.12026011376301e-06,1.9890493857393854e-05,0.016236578525274444,0.03977133255555337,0.13978131010072695,0.3423928853245254,0.20174499208122063,0.3325908291902522,0.01706994546110555,0.026962423221493215,0.04667850703903198,0.06871687154203909,0.05558031756511191,0.09798874232487628,0.09389011298118956,0.22998286869617754,0.03074980101910941,0.07532132218893221,0.031861789309917773,0.07804512610136231,0.05943474861334817,0.14558480709329305,0.054139430536701214,0.132613979779772,0.054226166982847476,0.13282643981493272,0.0014551153867233939,0.00356429021434493,0.0001731581094558455,0.0004241490129918204,0.0007147759634079291,0.001750836390755687,0.0006263694337862812,0.0015342855032524029,0.3272268794457675,0.37893441862512867,0.08011133632071611,0.09516074954209228,0.2349218447041091,0.2741969823865124,0.14093426522343214,0.16309345633432,0.0,0.0,0.0,0.0,0.0,0.0,0.0,0.0,0.0,0.0,0.0,0.0,0.03845541272382306,0.061101753914407995,0.00372091701974455,0.007398337605876549,0.015699333095898885,0.025639397254974154,0.010051573798923786,0.017932237397589288,0.0,0.0,0.0,0.0,0.0,0.0,0.0,0.0,0.0,0.0,0.0,0.0,0.0,0.0,0.0,0.0,0.0,0.0,0.0,0.0,0.0,0.0,0.0,0.0,0.0,0.0,0.0,0.0,0.0,0.0,0.0012730190421016239,0.0031182470859955945,0.0027282681356585606,0.0066828648138578285,0.0,0.0,0.0,0.0,0.0,0.0,0.0,0.0,0.0,0.0,0.0,0.0,0.0,0.0,0.0,0.0,,0.19344489010278867,,,,,,,,0.12658298,1.5052446e-08,6688.440262383787
Ta-Cr-N-Br-OH,0.411,3.302,6.0,"Full Formula (Ta1 Cr1 H1 Br1 N1 O1)
Reduced Formula: TaCrHBrNO
abc   :   3.302618   3.302618  31.957432
angles:  90.000000  90.000000 120.000000
pbc   :       True       True       True
Sites (6)
  #  SP           a         b         c
---  ----  --------  --------  --------
  0  Br    0.333333  0.666667  0.380568
  1  Cr    0.333333  0.666667  0.262167
  2  H     0.666667  0.333333  0.195927
  3  N     0         0         0.286775
  4  O     0.666667  0.333333  0.226811
  5  Ta    0.666667  0.333333  0.317667",TaCrNBrOH,1.8915335471778023,50.31158618886121,0.10850811474756705,Ta1 Cr1 N1 Br1 O1 H1,Ta3+1 Cr2+1 N3-1 Br-1 O2-1 H+1,-3,3,6,2.3664319132398464,0.2488317005471584,0.38112466231532444,0.2488317005471584,0.38112466231532444,0.0,0.0,0.0,0.0,0.0,0.0,0.0,0.0,0.0,0.0,0.0,0.0,0.22764534775347411,0.36172354821126346,0.006612151138751201,0.010068503598202218,0.03979835177572382,0.06977696951467163,0.05092146598506231,0.07143005301511053,0.07050617253928092,0.15765659463116108,0.01977467038586412,0.044217507215444166,0.03644339501063305,0.08148990857465217,0.029060855694271668,0.0649820488167033,0.03746021418492532,0.0837635853691949,0.0377155694354127,0.08433457706769618,0.013995460246894027,0.031294800488451034,0.0027806383133240496,0.006217696289432935,0.005921269440376921,0.013240360981774934,0.00545304631852329,0.012193382252673045,0.37328321275845,0.4011426068551115,0.08642248563746684,0.0978437141493598,0.21907165229162748,0.23155350136057545,0.13067646194014068,0.1311496097553881,0.00020948989764699676,0.00046843365173815805,6.976989458048028e-05,0.00015601022706494808,0.00010521352725135999,0.00023526459908656752,0.0,0.0,0.0,0.0,0.0,0.0,0.03193047943158326,0.06914610102119724,0.0022349647750732203,0.004479861120192069,0.011570174755513501,0.02540861087681518,0.014269450245089006,0.030684065609165527,0.03190050220766836,0.07133169145272857,0.006084863629900032,0.013606168710272594,0.008869819347583631,0.019833519009339835,0.00620996792367253,0.013885910415425003,0.0,0.0,0.0,0.0,0.0,0.0,0.0,0.0,0.0,0.0,0.0,0.0,0.0,0.0,0.0,0.0,0.0,0.0,0.0,0.0,0.0,0.0,0.0,0.0,0.0016976346178439593,0.00379602640645597,0.0,0.0,0.0,0.0,0.0,0.0,0.0,0.0,0.0,0.0,0.0,0.0,0.0,0.0,0.0,0.0,,0.2488317005471584,,,,,,,,0.121760376,2.257867e-08,49277.52748138819
Ta-Cr-N-CN-Br,0.0,3.266,6.0,"Full Formula (Ta1 Cr1 C1 Br1 N2)
Reduced Formula: TaCrCBrN2
abc   :   3.266513   3.266513  32.667803
angles:  90.000000  90.000000 120.000000
pbc   :       True       True       True
Sites (6)
  #  SP           a         b         c
---  ----  --------  --------  --------
  0  Br    0.666667  0.333333  0.225634
  1  C     0.333333  0.666667  0.384844
  2  Cr    0.333333  0.666667  0.281047
  3  N     0         0         0.30851
  4  N     0.333333  0.666667  0.422175
  5  Ta    0.666667  0.333333  0.341242",TaCrNCNBr,1.9410965397760738,50.31158618886107,0.11386431312891732,Ta1 Cr1 N2 C1 Br1,Ta5+1 Cr6+1 N3-2 C4-1 Br-1,-4,6,10,4.535573676110727,0.23091635995971657,0.37163482062251263,0.23091635995971657,0.37163482062251263,0.0,0.0,0.0,0.0,0.0,0.0,0.0,0.0,0.0,0.0,0.0,0.0,0.2428576490403379,0.35249493008324617,0.008545177333528447,0.015107934315686472,0.051210195323000716,0.08345746321165749,0.07243577906974058,0.09976870655548381,0.10241697337361677,0.2290113145131931,0.0345292654037693,0.07720978465595989,0.019975429376568526,0.04466641796575346,0.09472560445453908,0.21181289077010626,0.05543584095507651,0.12395830876541795,0.05551189857479166,0.12412837877330786,0.0,0.0,0.0,0.0,0.0,0.0,0.0,0.0,0.37531224461294554,0.39549485100068493,0.07313314334993282,0.08121943510667408,0.2768174376737415,0.2987523309511072,0.1537170539246592,0.1544141353080693,0.0,0.0,0.0,0.0,0.0,0.0,0.0,0.0,0.0,0.0,0.0,0.0,0.04786015419594667,0.06514252148180691,0.003938795990091397,0.0049952399006137765,0.020196391381290115,0.02822274850336612,0.011319814685140357,0.014869143001446225,0.0,0.0,0.0,0.0,0.0,0.0,0.0,0.0,0.0,0.0,0.0,0.0,0.0,0.0,0.0,0.0,0.0,0.0,0.0,0.0,0.0,0.0,0.0,0.0,0.0,0.0,0.0,0.0,0.0,0.0,0.0006366188174366336,0.001423522951543841,0.0,0.0,0.0,0.0,0.0,0.0,0.0,0.0,0.0,0.0,0.0,0.0,0.0,0.0,0.0,0.0,0.0,0.0,,0.23091635995971657,,,,,,,,0.120084755,1.5052446e-08,410.1961343108275
Ta-Cr-N-Cl-OCN,0.404,3.279,7.0,"Full Formula (Ta1 Cr1 C1 N2 Cl1 O1)
Reduced Formula: TaCrCN2ClO
abc   :   3.279812   3.279812  32.403406
angles:  90.000000  90.000000 120.000000
pbc   :       True       True       True
Sites (7)
  #  SP           a          b         c
---  ----  --------  ---------  --------
  0  C     0.666667   0.333333  0.175934
  1  Cl    0.333333   0.666667  0.365563
  2  Cr    0.333333   0.666667  0.253934
  3  N     0         -0         0.277406
  4  N     0.666667   0.333333  0.13921
  5  O     0.666667   0.333333  0.216904
  6  Ta    0.666667   0.333333  0.309074",TaCrNClOCN,1.7845885431357826,43.12421673330947,0.10963381835815555,Ta1 Cr1 N2 Cl1 O1 C1,Ta3+1 Cr2+1 N3-2 Cl-1 O2-1 C4+1,-3,4,7,3.0166206257996713,0.19033241114834604,0.3468462796819608,0.19033241114834604,0.3468462796819608,0.1394436178257209,0.34156571156068094,4.8345297722097636e-14,1.1842131088207712e-13,5.0124585407220555e-09,1.2277965781624611e-08,8.100642690593334e-06,1.98424411805599e-05,0.01619735320154151,0.039675250527412206,0.1394436178257209,0.34156571156068094,0.18650132672476727,0.3389469138746381,0.005680266167870313,0.006625224998944994,0.028990470294041996,0.03753700323493687,0.053576103112385295,0.09476493819187304,0.08752536419740631,0.21439248183490878,0.027212569391622164,0.06665690959955396,0.03639394476558876,0.08914659440272718,0.048059791662869715,0.11772196671849587,0.049404571656978265,0.12101599152036478,0.0495715776123957,0.1214250708951435,0.011270035399955329,0.027605836112993887,0.0017150171271101782,0.004200916861553856,0.005270578640315083,0.012910228317983904,0.00472036659257631,0.011562489550692051,0.3303873337635498,0.393872603564122,0.07485850768661328,0.09408555224508344,0.21014132968142496,0.24535294425909324,0.12578430340029795,0.14535002784461112,0.0,0.0,0.0,0.0,0.0,0.0,0.0,0.0,0.0,0.0,0.0,0.0,0.035657365180057944,0.06368044048818815,0.002230944506221379,0.0036204800527929533,0.01373665977064999,0.023884621725161967,0.0125642196670083,0.026053750188028794,0.01797309273194608,0.044024906292992806,0.003261425007802198,0.007988827103468031,0.005420937067662771,0.013278529743513076,0.0037930873510388925,0.009291128559850384,0.0,0.0,0.0,0.0,0.0,0.0,0.0,0.0,0.0,0.0,0.0,0.0,0.0,0.0,0.0,0.0,0.0,0.0,0.0,0.0,0.0,0.0,0.0,0.0,0.0009094530282503561,0.0022276958642423474,0.0,0.0,0.0,0.0,0.0,0.0,0.0,0.0,0.0,0.0,0.0,0.0,0.0,0.0,0.0,0.0,,0.19033241114834604,,,,,,,,0.12890819,4.515734e-08,47017.50789590644
Nb-Cr-N-CN-NCS,0.272,3.217,8.0,"Full Formula (Nb1 Cr1 C2 S1 N3)
Reduced Formula: NbCrC2SN3
abc   :   3.217061   3.217061  33.679845
angles:  90.000000  90.000000 120.000000
pbc   :       True       True       True
Sites (8)
  #  SP            a          b         c
---  ----  ---------  ---------  --------
  0  C      0.333333   0.666667  0.363222
  1  C      0.666667   0.333333  0.18686
  2  Cr     0.333333   0.666667  0.262562
  3  N     -0         -0         0.28311
  4  N      0.333333   0.666667  0.3991
  5  N      0.666667   0.333333  0.223813
  6  Nb     0.666667   0.333333  0.31952
  7  S      0.666667   0.333333  0.140688",NbCrNCNNCS,1.3367560567912085,37.73368964164591,0.11520683176465686,Nb1 Cr1 N3 C2 S1,Nb5+1 Cr6+1 N3-3 C4+1 C4-1 S2-1,-4,6,10,4.454211490264018,0.39575122095895715,0.38825281109278575,0.39575122095895715,0.38825281109278575,0.07208993118915022,0.1907320299582503,2.4993680173020723e-14,6.612706208609864e-14,2.5913541037119397e-09,6.8560785173284715e-09,4.187891731858451e-06,1.1080120040161055e-05,0.008373750595060287,0.02215486161540865,0.07208993118915022,0.1907320299582503,0.053212024535419344,0.07407641605925977,0.014137899067964274,0.02432680519349359,0.044571050323383224,0.07369736022201369,0.012335065857372724,0.01626877641324706,0.15652222977718183,0.27189830305639523,0.051551242259031516,0.08967253555670017,0.03401691775445918,0.0635973660353529,0.11311423550042185,0.19595731416593756,0.08456766202722202,0.14815799077553157,0.08471457473802635,0.14838969529740598,0.0006366180747107806,0.0016843331058134631,7.300536464587819e-05,0.0001931540392265807,0.0003182343603771943,0.0008419689761937633,0.00027318377470742124,0.0007227763300937335,0.2876403687580131,0.37326798542910394,0.06562484021155293,0.08614315761861427,0.22339141693485287,0.295385868990168,0.1253342475868288,0.16211739240349918,0.0,0.0,0.0,0.0,0.0,0.0,0.0,0.0,0.0,0.0,0.0,0.0,0.0331926827776251,0.05812120988614199,0.0021512496445293514,0.005039785984906878,0.014136393431294476,0.02549187456773873,0.008778794018465437,0.015851266685045527,0.0004774598158650055,0.0012632399338054965,9.188835976684086e-05,0.00024311374832469397,0.00016537018357638383,0.00043752838000820954,0.00010332956602704835,0.00027338433478779834,0.0,0.0,0.0,0.0,0.0,0.0,0.0,0.0,0.0,0.0,0.0,0.0,0.0,0.0,0.0,0.0,0.0,0.0,0.0,0.0,0.0,0.0,0.0,0.0,0.0004774641130774752,0.0012632513031610219,0.0,0.0,0.0,0.0,0.0,0.0,0.0,0.0,0.0,0.0,0.0,0.0,0.0,0.0,0.0,0.0,,0.39575122095895715,,,,,,,,0.054086212,3.7631116e-09,2959.989685999642
Ta-Cr-N-CN-SCN,0.337,3.343,8.0,"Full Formula (Ta1 Cr1 C2 S1 N3)
Reduced Formula: TaCrC2SN3
abc   :   3.343165   3.343165  31.186951
angles:  90.000000  90.000000 120.000000
pbc   :       True       True       True
Sites (8)
  #  SP            a          b         c
---  ----  ---------  ---------  --------
  0  C      0.333333   0.666667  0.368881
  1  C      0.666667   0.333333  0.165534
  2  Cr     0.333333   0.666667  0.261907
  3  N     -0         -0         0.292537
  4  N      0.333333   0.666667  0.407684
  5  N      0.666667   0.333333  0.127329
  6  S      0.666667   0.333333  0.219765
  7  Ta     0.666667   0.333333  0.321239",TaCrNCNSCN,1.821059181613937,37.73368964164584,0.11520683176465707,Ta1 Cr1 N3 C2 S1,Ta5+1 Cr6+1 N3-3 C4+1 C4-1 S2-1,-4,6,10,4.454211490264018,0.3643711890915795,0.412040441608108,0.3643711890915795,0.412040441608108,0.06410114051846227,0.1695956765674571,2.222395525167918e-14,5.879905874417098e-14,2.304187988462567e-09,6.096308391414119e-09,3.7238020893043564e-06,9.852254259922063e-06,0.007445796586379621,0.019699726080334136,0.06410114051846227,0.1695956765674571,0.05800081132718042,0.07958840670233412,0.0068730854221990614,0.011712253527108793,0.038323490855774384,0.06207674752817233,0.01871086879062024,0.023639444852070583,0.1720996547197747,0.30369254543525626,0.05713873357446342,0.10074125669407129,0.04435928135936558,0.08579376167005999,0.12820407457644145,0.22212166161956826,0.09577440531738785,0.17078889175624984,0.09591579052186827,0.1710272182066753,0.015572182439998201,0.04120012210676224,0.0016971348452375192,0.004490196741840567,0.007722310207063637,0.020431312354786086,0.006717641545642442,0.01777320892664545,0.28159591394641115,0.37683671848938044,0.05897069294703182,0.08134404671963781,0.1968158333915885,0.2552009507170505,0.10386167989352141,0.13450729067064443,0.0,0.0,0.0,0.0,0.0,0.0,0.0,0.0,0.0,0.0,0.0,0.0,0.03344491818878219,0.06313060639225898,0.00023324379040475565,0.0004209023739995729,0.01397243460095662,0.026474272191675717,0.011064290192883502,0.021397996703354932,0.010814189767811575,0.028611656756288753,0.0012175568818848046,0.0032213527165424367,0.0032143099118040505,0.008504264663323475,0.003510117641129496,0.009286898351009312,0.0,0.0,0.0,0.0,0.0,0.0,0.0,0.0,0.0,0.0,0.0,0.0,0.0,0.0,0.0,0.0,0.0,0.0,0.0,0.0,0.0,0.0,0.0,0.0,0.0,0.0,0.0,0.0,0.0,0.0,0.0,0.0,0.0,0.0,0.0,0.0,0.0,0.0,0.0,0.0,0.0,0.0,,0.3643711890915795,,,,,,,,0.044274088,1.1289335e-08,71823.33318430404
Nb-Cr-N-NCO-Br,0.399,3.245,7.0,"Full Formula (Nb1 Cr1 C1 Br1 N2 O1)
Reduced Formula: NbCrCBrN2O
abc   :   3.245046   3.245046  33.101442
angles:  90.000000  90.000000 120.000000
pbc   :       True       True       True
Sites (7)
  #  SP           a         b         c
---  ----  --------  --------  --------
  0  Br    0.666667  0.333333  0.235376
  1  C     0.333333  0.666667  0.428002
  2  Cr    0.333333  0.666667  0.291267
  3  N     0         0         0.310498
  4  N     0.333333  0.666667  0.390254
  5  Nb    0.666667  0.333333  0.348106
  6  O     0.333333  0.666667  0.464399",NbCrNNCOBr,1.544803721630179,43.12421673330963,0.11686156403661531,Nb1 Cr1 N2 C1 O1 Br1,Nb2+1 Cr3+1 N3-2 C4+1 O2-1 Br-1,-3,4,7,3.0166206257996713,0.197965618600273,0.3422812109477494,0.197965618600273,0.3422812109477494,0.1295966756391191,0.3174457276768208,4.4931349066100145e-14,1.1005887866682286e-13,4.658499067833764e-09,1.14109456834238e-08,7.528608190252957e-06,1.8441248539458042e-05,0.015053561875423685,0.036873545406202225,0.1295966756391191,0.3174457276768208,0.22850494444618416,0.3430891795904723,0.03509853048804596,0.0615002553347623,0.08679403339621748,0.15142210495410596,0.04827517198921753,0.08480983361237888,0.10100913433203644,0.24742083847373145,0.03418775285833835,0.08374254995530607,0.021161820415116182,0.051835662045446734,0.09629803702131663,0.23588105393386982,0.055569163545006635,0.13611609611853467,0.05563057052409305,0.13626651188394215,0.0,0.0,0.0,0.0,0.0,0.0,0.0,0.0,0.2975637509382768,0.3624663786524745,0.0691436164842846,0.08725964105579193,0.21682122628164452,0.29905763279098874,0.12659556919739154,0.15316053841022736,0.0,0.0,0.0,0.0,0.0,0.0,0.0,0.0,0.0,0.0,0.0,0.0,0.04535987604411048,0.06903465684255072,0.003451342720538381,0.0050667069588905865,0.018228954555302834,0.030126285536522353,0.01099002814104154,0.015435710289885976,0.0,0.0,0.0,0.0,0.0,0.0,0.0,0.0,0.0,0.0,0.0,0.0,0.0,0.0,0.0,0.0,0.0,0.0,0.0,0.0,0.0,0.0,0.0,0.0,0.0,0.0,0.0,0.0,0.0,0.0,0.0,0.0,0.0,0.0,0.0,0.0,0.0,0.0,0.0,0.0,0.0,0.0,0.0,0.0,0.0,0.0,0.0,0.0,0.0,0.0,,0.197965618600273,,,,,,,,0.11539651,5.268356e-08,613.3385929223816
Nb-Cr-N-NCS-Cl,0.141,3.232,7.0,"Full Formula (Nb1 Cr1 C1 S1 N2 Cl1)
Reduced Formula: NbCrCSN2Cl
abc   :   3.232156   3.232156  33.365980
angles:  90.000000  90.000000 120.000000
pbc   :       True       True       True
Sites (7)
  #  SP           a         b         c
---  ----  --------  --------  --------
  0  C     0.333333  0.666667  0.428638
  1  Cl    0.666667  0.333333  0.243118
  2  Cr    0.333333  0.666667  0.293401
  3  N     0         0         0.312526
  4  N     0.333333  0.666667  0.390803
  5  Nb    0.666667  0.333333  0.350774
  6  S     0.333333  0.666667  0.475041",NbCrNNCSCl,1.3886598812896254,43.12421673330959,0.12051272906017164,Nb1 Cr1 N2 C1 S1 Cl1,Nb2+1 Cr3+1 N3-2 C4+1 S2-1 Cl-1,-3,4,7,3.0166206257996713,0.2395232400092532,0.34604194266161464,0.2395232400092532,0.34604194266161464,0.08398811665597135,0.2057280302644788,2.911879774896546e-14,7.13261964082688e-14,3.0190478360762325e-09,7.395126707440481e-09,4.879088293135206e-06,1.1951276728168173e-05,0.009755808199908244,0.023896752118235266,0.08398811665597135,0.2057280302644788,0.22294434582321485,0.33942709460672577,0.030609672885939066,0.05056740973598808,0.07781872614239417,0.12576034689108187,0.06373521466520618,0.12098084541631647,0.10506007190620405,0.25734356851031,0.035341535016692106,0.08656872751759982,0.026626383833137205,0.06522105408667742,0.10479173789696569,0.25668628710704067,0.0597075702577955,0.14625308091297604,0.05975437809526061,0.14636773623072866,0.0,0.0,0.0,0.0,0.0,0.0,0.0,0.0,0.308915673334004,0.3661180611871543,0.07173080404181642,0.08656922813932744,0.23082433267544125,0.3024071603543647,0.13430828266100184,0.15761684270927986,0.0,0.0,0.0,0.0,0.0,0.0,0.0,0.0,0.0,0.0,0.0,0.0,0.039568552271352586,0.0634927675349624,0.002473601816448448,0.004691507625547992,0.016471877962523883,0.0276682553531163,0.009530253174145084,0.015084041189910056,0.0,0.0,0.0,0.0,0.0,0.0,0.0,0.0,0.0,0.0,0.0,0.0,0.0,0.0,0.0,0.0,0.0,0.0,0.0,0.0,0.0,0.0,0.0,0.0,0.0,0.0,0.0,0.0,0.0,0.0,0.0,0.0,0.0,0.0,0.0,0.0,0.0,0.0,0.0,0.0,0.0,0.0,0.0,0.0,0.0,0.0,0.0,0.0,0.0,0.0,,0.2395232400092532,,,,,,,,0.12369027,5.268356e-08,433.25122720322764
Ta-Cr-N-Cl-Br,0.282,3.337,5.0,"Full Formula (Ta1 Cr1 Br1 N1 Cl1)
Reduced Formula: TaCrBrNCl
abc   :   3.337435   3.337435  31.294140
angles:  90.000000  90.000000 120.000000
pbc   :       True       True       True
Sites (5)
  #  SP            a          b         c
---  ----  ---------  ---------  --------
  0  Br     0.666667   0.333333  0.216247
  1  Cl     0.333333   0.666667  0.387877
  2  Cr     0.333333   0.666667  0.273706
  3  N     -0         -0         0.298269
  4  Ta     0.666667   0.333333  0.329304",TaCrNClBr,1.9930003642744898,60.3739034266333,0.11917021042443197,Ta1 Cr1 N1 Cl1 Br1,Ta3+1 Cr2+1 N3-1 Cl-1 Br-1,-3,3,6,2.449489742783178,0.0,0.0,0.0,0.0,0.0,0.0,0.0,0.0,0.0,0.0,0.0,0.0,0.0,0.0,0.0,0.0,0.510322510693446,0.402396739404215,0.023515837821971367,0.03325581690964002,0.09842118342947852,0.12069498274600227,0.1493403715687763,0.12687910451986273,0.0043287669647426264,0.008657533929485253,0.0008941143525456755,0.001788228705091351,1.1730219895556914e-05,2.3460439791113824e-05,0.0006279920916850286,0.001255984183370057,0.0011034659534574257,0.0022069319069148515,0.0011210604577546607,0.0022421209155093214,0.0,0.0,0.0,0.0,0.0,0.0,0.0,0.0,0.39742958243800147,0.3677431202052535,0.08661601829796098,0.09386295313079568,0.21522737203114098,0.18912579679196934,0.1477326565750679,0.12234297351020025,0.0,0.0,0.0,0.0,0.0,0.0,0.0,0.0,0.0,0.0,0.0,0.0,0.08486342152930655,0.10394210640444035,0.003804178328404347,0.0053167306338846145,0.032884390107727465,0.040438575955431065,0.019450778542232067,0.024012582927412908,0.0025464228961399552,0.004483427488637351,0.0003957018629923097,0.0007053479196479368,0.0007297160705779598,0.0013006071430862348,0.0006516997017049264,0.0010581854330490173,0.0,0.0,0.0,0.0,0.0,0.0,0.0,0.0,0.0,0.0,0.0,0.0,0.0,0.0,0.0,0.0,0.0,0.0,0.0,0.0,0.0,0.0,0.0,0.0,0.0005092954783633161,0.0010185909567266322,0.0,0.0,0.0,0.0,0.0,0.0,0.0,0.0,0.0,0.0,0.0,0.0,0.0,0.0,0.0,0.0,,0.0,,,,,,,,0.11666728,3.0104893e-08,1757.0969976085696
Ta-Cr-N-NCO-OCN,0.176,3.211,9.0,"Full Formula (Ta1 Cr1 C2 N3 O2)
Reduced Formula: TaCrC2N3O2
abc   :   3.211673   3.211673  33.792935
angles:  90.000000  90.000000 120.000000
pbc   :       True       True       True
Sites (9)
  #  SP            a         b         c
---  ----  ---------  --------  --------
  0  C      0.333333  0.666667  0.406176
  1  C      0.666667  0.333333  0.195888
  2  Cr     0.333333  0.666667  0.271771
  3  N     -0         0         0.292645
  4  N      0.333333  0.666667  0.369083
  5  N      0.666667  0.333333  0.160677
  6  O      0.333333  0.666667  0.441813
  7  O      0.666667  0.333333  0.235162
  8  Ta     0.666667  0.333333  0.32731",TaCrNNCOOCN,1.8206950253141903,33.54105745924093,0.10732517197033847,Ta1 Cr1 N3 C2 O2,Ta3+1 Cr2+1 N3-3 C4+2 O2-2,-3,4,7,3.407771005482389,0.3021395689548377,0.39023434590374073,0.3021395689548377,0.39023434590374073,0.2093719418467398,0.39209177454502936,7.25895456605636e-14,1.3593876772801686e-13,7.526111230195533e-09,1.409418225595251e-08,1.2162961036021567e-05,2.2777631683937138e-05,0.024320017979042433,0.04554420674643158,0.2093719418467398,0.39209177454502936,0.025125312567917335,0.04387207512918353,0.007321235841523055,0.01363945762109353,0.023743299250925706,0.043674561401204716,0.00490387127081245,0.00781758033398054,0.1526088142921734,0.28579877407556414,0.05060798773491214,0.09485306936912248,0.039962571783113826,0.07785740615570388,0.1180810340471573,0.22757164864326104,0.08474199971722347,0.15853901926909564,0.08487840160986534,0.15879416850461323,0.002546341572915741,0.007202141573703761,0.00030662491357533384,0.0008672662226794305,0.0012488285534699127,0.0035322205547918487,0.0010954658294490404,0.00309844526624625,0.2718141138455677,0.38576930165771695,0.06219011060938332,0.08922060177075138,0.2089524197345542,0.3019242106354807,0.11318065861886861,0.1602163590079241,0.0,0.0,0.0,0.0,0.0,0.0,0.0,0.0,0.0,0.0,0.0,0.0,0.03172620940187007,0.05936229545432243,0.0017155287346509282,0.0035897584099563555,0.01320463606381037,0.02488193946605148,0.00973590481554233,0.019451448296973487,0.004667697517978241,0.013202242269960125,0.0007991082281411815,0.0022602193880823843,0.0016006097908714554,0.0045272081486351515,0.0011669689524293932,0.003300686638787942,0.0,0.0,0.0,0.0,0.0,0.0,0.0,0.0,0.0,0.0,0.0,0.0,0.0,0.0,0.0,0.0,0.0,0.0,0.0,0.0,0.0,0.0,0.0,0.0,0.0,0.0,0.0,0.0,0.0,0.0,0.0,0.0,0.0,0.0,0.0,0.0,0.0,0.0,0.0,0.0,0.0,0.0,,0.3021395689548377,,,,,,,,0.082927644,4.515734e-08,11960.50536279952
Nb-Cr-N-Br-Br,0.322,3.396,5.0,"Full Formula (Nb1 Cr1 Br2 N1)
Reduced Formula: NbCrBr2N
abc   :   3.396604   3.396604  30.213348
angles:  90.000000  90.000000 120.000000
pbc   :       True       True       True
Sites (5)
  #  SP            a          b         c
---  ----  ---------  ---------  --------
  0  Br     0.333333   0.666667  0.395286
  1  Br     0.666667   0.333333  0.211188
  2  Cr     0.333333   0.666667  0.269466
  3  N     -0         -0         0.299656
  4  Nb     0.666667   0.333333  0.329807",NbCrNBrBr,1.7532155427688965,60.37390342663315,0.12639795610289248,Nb1 Cr1 N1 Br2,Nb2+1 Cr3+1 N3-1 Br-2,-3,3,6,2.581988897471611,0.0,0.0,0.0,0.0,0.0,0.0,0.0,0.0,0.0,0.0,0.0,0.0,0.0,0.0,0.0,0.0,0.5135899112433315,0.4059524974264835,0.0176810038757649,0.021863410720654883,0.09393603205295357,0.11320525291360052,0.14893794347241435,0.12634839451794327,0.0030557015671824187,0.0061114031343648375,0.0007359986877378557,0.0014719973754757113,1.4392480794846248e-05,2.8784961589692496e-05,0.0006688628304026433,0.0013377256608052867,0.0009117700710512067,0.0018235401421024134,0.0009223656414712605,0.0018447312829425213,0.0,0.0,0.0,0.0,0.0,0.0,0.0,0.0,0.4140520064155794,0.3790080702530379,0.0821923228931511,0.08498051077986706,0.22273463046990444,0.19309319077907902,0.1525411718841459,0.1252826039839229,0.0,0.0,0.0,0.0,0.0,0.0,0.0,0.0,0.0,0.0,0.0,0.0,0.0675198599687566,0.08275716351166844,0.003908737276897922,0.0049743483005267085,0.026645020192748715,0.03270704734018844,0.014973793257490297,0.018509454478926064,0.001018578224226141,0.002037156448452282,0.0001685425092733256,0.0003370850185466512,0.0002728036727728996,0.0005456073455457992,0.00022626333212826056,0.00045252666425652107,0.0,0.0,0.0,0.0,0.0,0.0,0.0,0.0,0.0,0.0,0.0,0.0,0.0,0.0,0.0,0.0,0.0,0.0,0.0,0.0,0.0,0.0,0.0,0.0,0.0007639425809239603,0.0015278851618479206,0.0,0.0,0.0,0.0,0.0,0.0,0.0,0.0,0.0,0.0,0.0,0.0,0.0,0.0,0.0,0.0,,0.0,,,,,,,,0.118124336,8.278845e-08,1137.9293071101831
Nb-Cr-N-Cl-OH,0.18,3.208,6.0,"Full Formula (Nb1 Cr1 H1 N1 Cl1 O1)
Reduced Formula: NbCrHNClO
abc   :   3.208722   3.208722  33.855123
angles:  90.000000  90.000000 120.000000
pbc   :       True       True       True
Sites (6)
  #  SP           a         b         c
---  ----  --------  --------  --------
  0  Cl    0.333333  0.666667  0.373301
  1  Cr    0.333333  0.666667  0.264125
  2  H     0.666667  0.333333  0.199602
  3  N     0         0         0.283795
  4  Nb    0.666667  0.333333  0.320398
  5  O     0.666667  0.333333  0.228694",NbCrNClOH,1.1627121190379504,50.31158618886113,0.10128036906910705,Nb1 Cr1 N1 Cl1 O1 H1,Nb2+1 Cr3+1 N3-1 Cl-1 O2-1 H+1,-3,3,6,2.3664319132398464,0.25155062943742185,0.3829107863593101,0.25155062943742185,0.3829107863593101,0.0,0.0,0.0,0.0,0.0,0.0,0.0,0.0,0.0,0.0,0.0,0.0,0.23174780632765576,0.3489819812426504,0.01627896099762262,0.02338604557170037,0.04866433050755786,0.0640084840778493,0.06313942450753594,0.09755328211222375,0.0798728703622228,0.17860116768795845,0.02544790139442378,0.056903237402643254,0.030714548345399103,0.06867981799851608,0.0468998996701509,0.10487136380037738,0.045617158934265024,0.10200306831742846,0.04573379477281674,0.1022638739810428,0.0019098335336886895,0.004270517607036545,0.00026431428238638877,0.0005910247028400406,0.0009141470543412125,0.0020440949549381453,0.0008116336357688831,0.0018148679824045275,0.3877023197956448,0.3891873310888595,0.09294594075630817,0.0957763966122053,0.2789791806560357,0.28098564672945764,0.16439001469390627,0.1650065188160403,0.0,0.0,0.0,0.0,0.0,0.0,0.0,0.0,0.0,0.0,0.0,0.0,0.04212407133066235,0.059704107534892685,0.004158776808439588,0.007451378172634221,0.017179835599022513,0.024886101379385638,0.011382130365728818,0.018680680817099365,0.0002121479783029589,0.00047437730077456655,5.044991464939937e-05,0.00011280943861511945,6.983664764871869e-05,0.00015615949146323586,3.193412311801692e-05,7.140687009373336e-05,0.0,0.0,0.0,0.0,0.0,0.0,0.0,0.0,0.0,0.0,0.0,0.0,0.0,0.0,0.0,0.0,0.0,0.0,0.0,0.0,0.0,0.0,0.0,0.0,0.0048803212344007895,0.01091273003215585,0.0,0.0,0.0,0.0,0.0,0.0,0.0,0.0,0.0,0.0,0.0,0.0,0.0,0.0,0.0,0.0,,0.25155062943742185,,,,,,,,0.11670958,0.0,8381.07906302681
Nb-Cr-N-SCN-Br,0.311,3.329,7.0,"Full Formula (Nb1 Cr1 C1 S1 Br1 N2)
Reduced Formula: NbCrCSBrN2
abc   :   3.329840   3.329840  31.437066
angles:  90.000000  90.000000 120.000000
pbc   :       True       True       True
Sites (7)
  #  SP            a         b         c
---  ----  ---------  --------  --------
  0  Br     0.666667  0.333333  0.229493
  1  C      0.333333  0.666667  0.451239
  2  Cr     0.333333  0.666667  0.287571
  3  N     -0         0         0.30557
  4  N      0.333333  0.666667  0.489138
  5  Nb     0.666667  0.333333  0.347743
  6  S      0.333333  0.666667  0.397548",NbCrNSCNBr,1.6331781846067526,43.124216733309616,0.12774047473863173,Nb1 Cr1 N2 S1 C1 Br1,Nb2+1 Cr3+1 N3-2 S2-1 C4+1 Br-1,-3,4,7,3.0166206257996713,0.21245583940747167,0.3628050565928522,0.21245583940747167,0.3628050565928522,0.07325844630681402,0.17944581280077318,2.5398806001919063e-14,6.221411478064057e-14,2.6333577011000764e-09,6.4503826779237284e-09,4.255773816347836e-06,1.0424474310749246e-05,0.008509481813005282,0.020843888417356436,0.07325844630681402,0.17944581280077318,0.24852228478865118,0.33964024606643806,0.04982878072898871,0.08332016989744101,0.09078485132637044,0.14871688948762965,0.05777029273335495,0.09842492985210564,0.13937472704649626,0.3413969643035978,0.04343928221011696,0.10640407620754529,0.017987918065066704,0.04406122079440513,0.09597603959447774,0.23509232453962542,0.06620953786815038,0.16217958388244877,0.0664895096052842,0.16286537178082724,0.0,0.0,0.0,0.0,0.0,0.0,0.0,0.0,0.27582470005438947,0.3336961516033519,0.07222877266170684,0.09133646999080554,0.1915386564141181,0.2635436849919953,0.11993419861324603,0.14466084318628128,0.0,0.0,0.0,0.0,0.0,0.0,0.0,0.0,0.0,0.0,0.0,0.0,0.04892700222444428,0.07838539178569602,0.0036140237762847262,0.007361392234893808,0.019725326733225877,0.03420801168109206,0.010667286557441964,0.016598465502109333,0.0,0.0,0.0,0.0,0.0,0.0,0.0,0.0,0.0,0.0,0.0,0.0,0.0,0.0,0.0,0.0,0.0,0.0,0.0,0.0,0.0,0.0,0.0,0.0,0.0,0.0,0.0,0.0,0.0,0.0,0.0016370001717331624,0.004009815129594682,0.0,0.0,0.0,0.0,0.0,0.0,0.0,0.0,0.0,0.0,0.0,0.0,0.0,0.0,0.0,0.0,0.0,0.0,,0.21245583940747167,,,,,,,,0.11893181,6.7736e-08,693.0323399192367
Ta-Cr-N-CN-Cl,0.189,3.207,6.0,"Full Formula (Ta1 Cr1 C1 N2 Cl1)
Reduced Formula: TaCrCN2Cl
abc   :   3.207589   3.207589  33.879045
angles:  90.000000  90.000000 120.000000
pbc   :       True       True       True
Sites (6)
  #  SP           a         b         c
---  ----  --------  --------  --------
  0  C     0.333333  0.666667  0.382975
  1  Cl    0.666667  0.333333  0.234171
  2  Cr    0.333333  0.666667  0.28366
  3  N     0         0         0.303736
  4  N     0.333333  0.666667  0.418802
  5  Ta    0.666667  0.333333  0.340107",TaCrNCNCl,1.696578236458944,50.3115861888611,0.10663656745045703,Ta1 Cr1 N2 C1 Cl1,Ta5+1 Cr6+1 N3-2 C4-1 Cl-1,-4,6,10,4.535573676110727,0.23146639603346633,0.3718655721225186,0.23146639603346633,0.3718655721225186,0.0,0.0,0.0,0.0,0.0,0.0,0.0,0.0,0.0,0.0,0.0,0.0,0.25689201865077493,0.3503091475020475,0.026907118934048967,0.041253401622034294,0.08191999042245106,0.12033722692805754,0.07684848764204404,0.12345765958149599,0.10186693729986701,0.2277813964622116,0.033438049458053724,0.07476975162320813,0.016278730223223698,0.036400347366508524,0.08369623819017204,0.18715047805423865,0.05215516835416057,0.11662250181784888,0.05228492909572454,0.11691265565679666,0.0,0.0,0.0,0.0,0.0,0.0,0.0,0.0,0.3556083585443202,0.36725089050023835,0.07841485954717083,0.08400495308184289,0.2646629777319113,0.29345632245075914,0.15500346352868616,0.15854189813759823,0.0,0.0,0.0,0.0,0.0,0.0,0.0,0.0,0.0,0.0,0.0,0.0,0.053529670654134866,0.0767683388516575,0.004086878491404302,0.006843916094252787,0.02257362898031876,0.03369515712372692,0.011834044957067706,0.016849987661407637,0.0,0.0,0.0,0.0,0.0,0.0,0.0,0.0,0.0,0.0,0.0,0.0,0.0,0.0,0.0,0.0,0.0,0.0,0.0,0.0,0.0,0.0,0.0,0.0,0.0,0.0,0.0,0.0,0.0,0.0,0.0006366188174366336,0.001423522951543841,0.0,0.0,0.0,0.0,0.0,0.0,0.0,0.0,0.0,0.0,0.0,0.0,0.0,0.0,0.0,0.0,0.0,0.0,,0.23146639603346633,,,,,,,,0.117095,4.515734e-08,534.8439858022108
Ta-Cr-N-Br-OCN,0.453,3.321,7.0,"Full Formula (Ta1 Cr1 C1 Br1 N2 O1)
Reduced Formula: TaCrCBrN2O
abc   :   3.321955   3.321955  31.586482
angles:  90.000000  90.000000 120.000000
pbc   :       True       True       True
Sites (7)
  #  SP           a         b         c
---  ----  --------  --------  --------
  0  Br    0.333333  0.666667  0.372387
  1  C     0.666667  0.333333  0.173733
  2  Cr    0.333333  0.666667  0.253426
  3  N     0         0         0.277602
  4  N     0.666667  0.333333  0.136052
  5  O     0.666667  0.333333  0.215767
  6  Ta    0.666667  0.333333  0.30906",TaCrNBrOCN,2.02910684645291,43.1242167333095,0.11686156403661564,Ta1 Cr1 N2 Br1 O1 C1,Ta3+1 Cr2+1 N3-2 Br-1 O2-1 C4+1,-3,4,7,3.0166206257996713,0.19105687089064527,0.3468667599656131,0.19105687089064527,0.3468667599656131,0.13916541095142854,0.34088424667573,4.824884300889012e-14,1.1818504605143219e-13,5.002458079999089e-09,1.22534697556606e-08,8.08448092917428e-06,1.9802853111738616e-05,0.016165037523877136,0.039596093606442236,0.13916541095142854,0.34088424667573,0.19845097524313826,0.34167556456985343,0.007018194042302744,0.009591941162649024,0.03793819272652119,0.06307807320620971,0.04548386571876366,0.07069323490406448,0.08326951536506795,0.20396782377326017,0.025156014125113257,0.06161939856877367,0.03727306832859391,0.09129999855294733,0.042236464340303655,0.10345778617300128,0.046275185806115386,0.11335059297746534,0.0464760131537131,0.11384251750547633,0.015079631364286793,0.036937402351772,0.002510577389722212,0.006149633564587923,0.006860337612232537,0.016804326613193237,0.006197928289369699,0.015181761771316768,0.3141188238279812,0.38604197857048633,0.07420647674737148,0.09657213705798907,0.18474921127002492,0.22292543874580295,0.11291040074030644,0.13102378465313466,0.0,0.0,0.0,0.0,0.0,0.0,0.0,0.0,0.0,0.0,0.0,0.0,0.033477412738633236,0.06671134248011153,0.002410849874966977,0.004286792371971168,0.012286710783143388,0.024320913585181392,0.013129594286276091,0.02877797525917271,0.023926244232095325,0.058607089829842675,0.004427402428499535,0.010844876835782944,0.006684556387809348,0.01637375230699477,0.004816027984978108,0.011796811150160616,0.0,0.0,0.0,0.0,0.0,0.0,0.0,0.0,0.0,0.0,0.0,0.0,0.0,0.0,0.0,0.0,0.0,0.0,0.0,0.0,0.0,0.0,0.0,0.0,0.0014551153867233939,0.00356429021434493,0.0,0.0,0.0,0.0,0.0,0.0,0.0,0.0,0.0,0.0,0.0,0.0,0.0,0.0,0.0,0.0,,0.19105687089064527,,,,,,,,0.13038361,1.5052446e-08,59727.563789996144
Nb-Cr-N-NCO-Cl,0.425,3.214,7.0,"Full Formula (Nb1 Cr1 C1 N2 Cl1 O1)
Reduced Formula: NbCrCN2ClO
abc   :   3.214530   3.214530  33.732900
angles:  90.000000  90.000000 120.000000
pbc   :       True       True       True
Sites (7)
  #  SP            a          b         c
---  ----  ---------  ---------  --------
  0  C      0.333333   0.666667  0.426187
  1  Cl     0.666667   0.333333  0.241475
  2  Cr     0.333333   0.666667  0.291345
  3  N     -0         -0         0.310254
  4  N      0.333333   0.666667  0.389146
  5  Nb     0.666667   0.333333  0.347598
  6  O      0.333333   0.666667  0.461898",NbCrNNCOCl,1.3002854183130501,43.12421673330965,0.1096338183581551,Nb1 Cr1 N2 C1 O1 Cl1,Nb2+1 Cr3+1 N3-2 C4+1 O2-1 Cl-1,-3,4,7,3.0166206257996713,0.19825907166342413,0.34236337828357777,0.19825907166342413,0.34236337828357777,0.1295966756391191,0.3174457276768208,4.4931349066100145e-14,1.1005887866682286e-13,4.658499067833764e-09,1.14109456834238e-08,7.528608190252957e-06,1.8441248539458042e-05,0.015053561875423685,0.036873545406202225,0.1295966756391191,0.3174457276768208,0.22004241360139695,0.34135776590903194,0.030185978913746903,0.050248346626547105,0.0772940500909447,0.1266263769737857,0.061199238863842265,0.11857718235910265,0.10071568126888532,0.24670202820555445,0.03395776107592527,0.08317918744336081,0.019659340359256934,0.04815535255988323,0.09318716434547071,0.2282610032232808,0.054525504004305905,0.13355966277863043,0.0546001273703296,0.1337424519482774,0.0,0.0,0.0,0.0,0.0,0.0,0.0,0.0,0.310012464929466,0.3683589613575202,0.0715870505592198,0.08672689674754344,0.23046721539392415,0.3028337197328264,0.13525247154710637,0.15923543804988252,0.0,0.0,0.0,0.0,0.0,0.0,0.0,0.0,0.0,0.0,0.0,0.0,0.04100991041316323,0.06597367225241883,0.002837702844169459,0.005465562453096886,0.01713718225951044,0.028925122455577098,0.009383571218437487,0.014881087850481351,0.0,0.0,0.0,0.0,0.0,0.0,0.0,0.0,0.0,0.0,0.0,0.0,0.0,0.0,0.0,0.0,0.0,0.0,0.0,0.0,0.0,0.0,0.0,0.0,0.0,0.0,0.0,0.0,0.0,0.0,0.0003637824845452258,0.0008910814644977106,0.0,0.0,0.0,0.0,0.0,0.0,0.0,0.0,0.0,0.0,0.0,0.0,0.0,0.0,0.0,0.0,0.0,0.0,,0.19825907166342413,,,,,,,,0.1167941,7.526223e-09,440.0305859880026
Nb-Cr-N-SCN-Cl,0.343,3.298,7.0,"Full Formula (Nb1 Cr1 C1 S1 N2 Cl1)
Reduced Formula: NbCrCSN2Cl
abc   :   3.298724   3.298724  32.032931
angles:  90.000000  90.000000 120.000000
pbc   :       True       True       True
Sites (7)
  #  SP           a         b         c
---  ----  --------  --------  --------
  0  C     0.333333  0.666667  0.449171
  1  Cl    0.666667  0.333333  0.235886
  2  Cr    0.333333  0.666667  0.287618
  3  N     0         0         0.305537
  4  N     0.333333  0.666667  0.486373
  5  Nb    0.666667  0.333333  0.347171
  6  S     0.333333  0.666667  0.396546",NbCrNSCNCl,1.3886598812896316,43.12421673330939,0.12051272906017219,Nb1 Cr1 N2 S1 C1 Cl1,Nb2+1 Cr3+1 N3-2 S2-1 C4+1 Cl-1,-3,4,7,3.0166206257996713,0.21262136950763147,0.36293060952037004,0.21262136950763147,0.36293060952037004,0.07309291620665424,0.1790403485183099,2.5341416484213094e-14,6.207353974567651e-14,2.627407534450431e-09,6.435807805747571e-09,4.246157742002946e-06,1.0400919835275596e-05,0.008490254332109558,0.020796790900122805,0.07309291620665424,0.1790403485183099,0.2380020303812556,0.3345581993561651,0.042419512305808635,0.06837821450221701,0.08251867650379167,0.1276576366117675,0.07071241259588791,0.1312657824699603,0.1401602781871856,0.34280164747760883,0.04209377705884917,0.10296952549749779,0.0160955937818828,0.03942224692305201,0.08600824003077642,0.2105250452914499,0.0635409474148381,0.1554694367622173,0.06388296787394661,0.1563057130889218,0.0,0.0,0.0,0.0,0.0,0.0,0.0,0.0,0.2882628941943687,0.3404024761847196,0.07466473916858762,0.09088745602042998,0.20344880344196645,0.26431378520916937,0.12888197599633686,0.15091282410950124,0.0,0.0,0.0,0.0,0.0,0.0,0.0,0.0,0.0,0.0,0.0,0.0,0.04549599040121044,0.07337504104078289,0.003308529360607168,0.0077079767957041025,0.01865879112615672,0.032037040268510925,0.009926403229014027,0.016106886464030006,0.0,0.0,0.0,0.0,0.0,0.0,0.0,0.0,0.0,0.0,0.0,0.0,0.0,0.0,0.0,0.0,0.0,0.0,0.0,0.0,0.0,0.0,0.0,0.0,0.0,0.0,0.0,0.0,0.0,0.0,0.0021826297884756105,0.005346329279164026,0.00018189133321836287,0.00044554095501953705,0.0,0.0,0.0,0.0,0.0,0.0,0.0,0.0,0.0,0.0,0.0,0.0,0.0,0.0,0.0,0.0,,0.21262136950763147,,,,,,,,0.118021004,3.0104893e-08,598.6997183963746
Nb-Cr-N-Cl-Cl,0.341,3.244,5.0,"Full Formula (Nb1 Cr1 N1 Cl2)
Reduced Formula: NbCrNCl2
abc   :   3.244439   3.244439  33.113838
angles:  90.000000  90.000000 120.000000
pbc   :       True       True       True
Sites (5)
  #  SP            a          b         c
---  ----  ---------  ---------  --------
  0  Cl     0.333333   0.666667  0.384275
  1  Cl     0.666667   0.333333  0.223496
  2  Cr     0.333333   0.666667  0.273892
  3  N     -0         -0         0.293112
  4  Nb     0.666667   0.333333  0.330628",NbCrNClCl,1.2641789361346343,60.373903426633284,0.1119424647459718,Nb1 Cr1 N1 Cl2,Nb2+1 Cr3+1 N3-1 Cl-2,-3,3,6,2.581988897471611,0.0,0.0,0.0,0.0,0.0,0.0,0.0,0.0,0.0,0.0,0.0,0.0,0.0,0.0,0.0,0.0,0.5239145327247561,0.395241110506443,0.04233188224738338,0.054498809516354246,0.10935998085075435,0.1305789477857653,0.15759262721677916,0.1445296652836916,0.000254647866505708,0.000509295733011416,6.304718442958992e-05,0.00012609436885917982,1.3361563162696544e-06,2.6723126325393087e-06,6.0089642888940434e-05,0.00012017928577788088,7.824145651220752e-05,0.00015648291302441508,7.908916164060001e-05,0.00015817832328120002,0.0,0.0,0.0,0.0,0.0,0.0,0.0,0.0,0.4126024496635662,0.3485379019332498,0.09722107226385021,0.08681208356597041,0.28404092284264093,0.2570627993783991,0.18212985748049776,0.1515811805297732,0.0,0.0,0.0,0.0,0.0,0.0,0.0,0.0,0.0,0.0,0.0,0.0,0.05813575111715139,0.07178380553406456,0.005102835849957669,0.008735323565043591,0.023544527252964735,0.03025481750418093,0.012101263318052044,0.015726175764146293,0.0,0.0,0.0,0.0,0.0,0.0,0.0,0.0,0.0,0.0,0.0,0.0,0.0,0.0,0.0,0.0,0.0,0.0,0.0,0.0,0.0,0.0,0.0,0.0,0.0,0.0,0.0,0.0,0.0,0.0,0.004837970761514937,0.009675941523029873,0.000254647866505708,0.000509295733011416,0.0,0.0,0.0,0.0,0.0,0.0,0.0,0.0,0.0,0.0,0.0,0.0,0.0,0.0,0.0,0.0,,0.0,,,,,,,,0.11739445,0.0,705.4855012362858
Nb-Cr-N-Br-OH,0.207,3.283,6.0,"Full Formula (Nb1 Cr1 H1 Br1 N1 O1)
Reduced Formula: NbCrHBrNO
abc   :   3.283929   3.283929  32.322206
angles:  90.000000  90.000000 120.000000
pbc   :       True       True       True
Sites (6)
  #  SP            a          b         c
---  ----  ---------  ---------  --------
  0  Br     0.333333   0.666667  0.379914
  1  Cr     0.333333   0.666667  0.26225
  2  H      0.666667   0.333333  0.196535
  3  N     -0         -0         0.285827
  4  Nb     0.666667   0.333333  0.318336
  5  O      0.666667   0.333333  0.227053",NbCrNBrOH,1.4072304223550847,50.311586188860936,0.10850811474756765,Nb1 Cr1 N1 Br1 O1 H1,Nb2+1 Cr3+1 N3-1 Br-1 O2-1 H+1,-3,3,6,2.3664319132398464,0.24902529875523374,0.38124891202931055,0.24902529875523374,0.38124891202931055,0.0,0.0,0.0,0.0,0.0,0.0,0.0,0.0,0.0,0.0,0.0,0.0,0.2315664277325097,0.3553526966713836,0.0071434628807892885,0.007560774564589292,0.03904357362697416,0.0502247827281782,0.05403565059076198,0.0723280809399626,0.07518596393948605,0.16812092632253867,0.021558328651933346,0.04820588834700437,0.0374193714802194,0.0836722583050875,0.03297378082088006,0.07373161539066664,0.0405037335088236,0.09056910146826565,0.04074996297689757,0.09111968729694267,0.009122070638613528,0.020397570043494767,0.001729723949326232,0.003867780333002856,0.003944338674413579,0.008819809402270173,0.0036129240036128674,0.008078743669619068,0.3811267922935866,0.39980550554880673,0.08877988720924569,0.09716716309493983,0.23843279175130494,0.24562380607974538,0.14123098026953806,0.14156060772214338,0.0,0.0,0.0,0.0,0.0,0.0,0.0,0.0,0.0,0.0,0.0,0.0,0.03046697490581925,0.05272346390682448,0.0023203823288404633,0.0031064362130170243,0.011147681198676764,0.019325827001126287,0.012236655687524994,0.02353612560812012,0.020747863759441463,0.04639363375401545,0.004285918370446356,0.009583604822333178,0.006037261506607597,0.013499727126717383,0.00371361492528699,0.00830389541519951,0.0,0.0,0.0,0.0,0.0,0.0,0.0,0.0,0.0,0.0,0.0,0.0,0.0,0.0,0.0,0.0,0.0,0.0,0.0,0.0,0.0,0.0,0.0,0.0,0.002758607975309636,0.006168434956065408,0.0,0.0,0.0,0.0,0.0,0.0,0.0,0.0,0.0,0.0,0.0,0.0,0.0,0.0,0.0,0.0,,0.24902529875523374,,,,,,,,0.11816644,0.0,33354.16052495916
Ta-Cr-N-Br-Br,0.509,3.417,5.0,"Full Formula (Ta1 Cr1 Br2 N1)
Reduced Formula: TaCrBr2N
abc   :   3.417247   3.417247  29.849420
angles:  90.000000  90.000000 120.000000
pbc   :       True       True       True
Sites (5)
  #  SP            a         b         c
---  ----  ---------  --------  --------
  0  Br     0.333333  0.666667  0.39564
  1  Br     0.666667  0.333333  0.210298
  2  Cr     0.333333  0.666667  0.268891
  3  N     -0         0         0.301401
  4  Ta     0.666667  0.333333  0.329173",TaCrNBrBr,2.23751866759162,60.37390342663328,0.1263979561028922,Ta1 Cr1 N1 Br2,Ta3+1 Cr2+1 N3-1 Br-2,-3,3,6,2.581988897471611,0.0,0.0,0.0,0.0,0.0,0.0,0.0,0.0,0.0,0.0,0.0,0.0,0.0,0.0,0.0,0.0,0.5160983298328824,0.3952613483725334,0.023096688732839037,0.0306888721531284,0.1054083068437918,0.1256436637960318,0.14966944226310114,0.12856190632319728,0.006620099608357448,0.013240199216714895,0.0016669336429680896,0.003333867285936179,3.717689291344731e-05,7.43537858268946e-05,0.0016362203781217894,0.003272440756243579,0.0020713292134079053,0.0041426584268158114,0.0020927679804864066,0.004185535960972812,0.0,0.0,0.0,0.0,0.0,0.0,0.0,0.0,0.3921275920270653,0.36395421143765544,0.08198959338692276,0.08848847405192896,0.21628374566889458,0.19433065036978345,0.14510924451733115,0.11980843834532659,0.0,0.0,0.0,0.0,0.0,0.0,0.0,0.0,0.0,0.0,0.0,0.0,0.08107978583485762,0.1002271484393965,0.003931379665148368,0.0048157387206588425,0.03178404967592831,0.03986504146258268,0.01860418607576379,0.02306461375932331,0.0038195448303315867,0.007639089660663173,0.0005657587023111387,0.0011315174046222774,0.0009499363781964865,0.001899872756392973,0.0009048659897558395,0.001809731979511679,0.0,0.0,0.0,0.0,0.0,0.0,0.0,0.0,0.0,0.0,0.0,0.0,0.0,0.0,0.0,0.0,0.0,0.0,0.0,0.0,0.0,0.0,0.0,0.0,0.000254647866505708,0.000509295733011416,0.0,0.0,0.0,0.0,0.0,0.0,0.0,0.0,0.0,0.0,0.0,0.0,0.0,0.0,0.0,0.0,,0.0,,,,,,,,0.12125159,7.526223e-09,1932.2066777979064
Ta-Cr-N-NCO-O,0.0,3.08,7.0,"Full Formula (Ta1 Cr1 C1 N2 O2)
Reduced Formula: TaCrC(NO)2
abc   :   3.080045   3.080045  36.742992
angles:  90.000000  90.000000 120.000000
pbc   :       True       True       True
Sites (7)
  #  SP           a         b         c
---  ----  --------  --------  --------
  0  C     0.333333  0.666667  0.422934
  1  Cr    0.333333  0.666667  0.278896
  2  N     0         0         0.315778
  3  N     0.333333  0.666667  0.388755
  4  O     0.333333  0.666667  0.455729
  5  O     0.666667  0.333333  0.256573
  6  Ta    0.666667  0.333333  0.349236",TaCrNNCOO,1.6775771988373336,43.1242167333096,0.0987549076561388,Ta1 Cr1 N2 C1 O2,Ta3+1 Cr3+1 N3-2 C4+1 O2-2,-3,4,7,3.3245498310218435,0.1995251975574726,0.34241410500765096,0.1995251975574726,0.34241410500765096,0.12906650239164077,0.31614707374522466,4.4747537258193196e-14,1.0960863352875235e-13,4.639441390875708e-09,1.1364264099193768e-08,7.497809046420492e-06,1.836580635255392e-05,0.014991978538148631,0.036722697653220615,0.12906650239164077,0.31614707374522466,0.19261640852007814,0.33686758760378627,0.02720785771410224,0.053867650021695516,0.14122057555270026,0.27573632268022236,0.05705466155103684,0.09069599514723889,0.0999797286223152,0.2448993197466068,0.031019551876329092,0.07598207414679878,0.012707647719972282,0.031127252744974146,0.06786114670511098,0.1662251827876738,0.0472148675635476,0.11565233380377604,0.04742133193063806,0.1161580661532143,0.0,0.0,0.0,0.0,0.0,0.0,0.0,0.0,0.3768113982599236,0.43711597902346566,0.07398402020690922,0.08598524126186843,0.34972147904472584,0.41236367586314665,0.16449066518339736,0.1900020049620992,0.0,0.0,0.0,0.0,0.0,0.0,0.0,0.0,0.0,0.0,0.0,0.0,0.0,0.0,0.0,0.0,0.0,0.0,0.0,0.0,0.0,0.0,0.0,0.0,0.0,0.0,0.0,0.0,0.0,0.0,0.0,0.0,0.0,0.0,0.0,0.0,0.002000764648569688,0.00490085248439464,0.002000764648569688,0.00490085248439464,0.0004576126971000431,0.001120917607713901,0.0006392382432818369,0.0015658075201135976,0.0005820038125668089,0.0014256123691431016,0.0,0.0,0.0,0.0,0.0,0.0,0.0,0.0,0.0,0.0,0.0,0.0,0.0,0.0,0.0,0.0,0.0,0.0,0.0,0.0,0.0,0.0,0.0,0.0,,0.1995251975574726,,,,,,,,0.06827862,2.257867e-08,784.567259441239
Nb-Cr-N-F-OH,0.481,3.264,6.0,"Full Formula (Nb1 Cr1 H1 N1 O1 F1)
Reduced Formula: NbCrHNOF
abc   :   3.264529   3.264529  32.707515
angles:  90.000000  90.000000 120.000000
pbc   :       True       True       True
Sites (6)
  #  SP           a          b         c
---  ----  --------  ---------  --------
  0  Cr    0.333333   0.666667  0.265348
  1  F     0.333333   0.666667  0.362771
  2  H     0.666667   0.333333  0.200294
  3  N     0         -0         0.289721
  4  Nb    0.666667   0.333333  0.32131
  5  O     0.666667   0.333333  0.230471",NbCrNFOH,1.0721978428393633,50.31158618886107,0.08913872766060672,Nb1 Cr1 N1 F1 O1 H1,Nb2+1 Cr3+1 N3-1 F-1 O2-1 H+1,-3,3,6,2.3664319132398464,0.24805826442557002,0.3806327852817245,0.24805826442557002,0.3806327852817245,0.0,0.0,0.0,0.0,0.0,0.0,0.0,0.0,0.0,0.0,0.0,0.0,0.18023364738183226,0.36688067668433405,0.0034298101848260864,0.0035291146878540652,0.025421959280779713,0.03221773668528706,0.0869511443099588,0.18441454033431137,0.07742521690003142,0.1731280481611358,0.022524556746753358,0.05036644004879203,0.037515330539260386,0.08388682928416005,0.035360997718169515,0.079069594650042,0.04208265650879962,0.09409968062744993,0.042318153658473384,0.0946262682626279,0.00784985200773186,0.01755280270260164,0.001440221972580321,0.0032204342333784354,0.003442772618178517,0.007698273605322092,0.0031420152921947894,0.0070257597796914125,0.43942028912839337,0.4413089843083361,0.09713611978660645,0.09895614646776907,0.318826238163394,0.32618184432212954,0.16211601356993519,0.16394732932232917,0.0,0.0,0.0,0.0,0.0,0.0,0.0,0.0,0.0,0.0,0.0,0.0,0.028785484250877184,0.05020282821831947,0.0012540532375318197,0.0023773049975729732,0.011252903020791636,0.019017355000933624,0.011554957544885879,0.021597109884755706,0.018227245905563797,0.04075736088744537,0.0022945040539839976,0.005130667039357066,0.005910428736301112,0.013216120430537465,0.00583703044571108,0.013051996863345872,0.0,0.0,0.0,0.0,0.0,0.0,0.0,0.0,0.0,0.0,0.0,0.0,0.0,0.0,0.0,0.0,0.0,0.0,0.0,0.0,0.0,0.0,0.0,0.0,0.0,0.0,0.0,0.0,0.0,0.0,0.0,0.0,0.0,0.0,0.0,0.0,0.0,0.0,0.0,0.0,0.0,0.0,,0.24805826442557002,,,,,,,,0.11238895,1.5052446e-08,29731.880238082358
Ta-Cr-N-CN-H,0.221,3.128,6.0,"Full Formula (Ta1 Cr1 H1 C1 N2)
Reduced Formula: TaCrHCN2
abc   :   3.128644   3.128644  35.610350
angles:  90.000000  90.000000 120.000000
pbc   :       True       True       True
Sites (6)
  #  SP            a          b         c
---  ----  ---------  ---------  --------
  0  C      0.333333   0.666667  0.378351
  1  Cr     0.333333   0.666667  0.282046
  2  H      0.666667   0.333333  0.253187
  3  N     -0         -0         0.300053
  4  N      0.333333   0.666667  0.412481
  5  Ta     0.666667   0.333333  0.337334",TaCrNCNH,1.507101112685426,50.31158618886105,0.09297722086589409,Ta1 Cr1 N2 C1 H1,Ta5+1 Cr3+1 N3-2 C3-1 H+1,-3,5,8,3.644957377763735,0.2322015003561244,0.37218008605950526,0.2322015003561244,0.37218008605950526,0.0,0.0,0.0,0.0,0.0,0.0,0.0,0.0,0.0,0.0,0.0,0.0,0.2555807028193325,0.350588592953967,0.038260367955286895,0.04229513204419155,0.15241574358908652,0.16477967919793957,0.0846463778069212,0.14725237201585378,0.10113183297720894,0.22613765322619417,0.03189353881955871,0.07131612084356168,0.013604620679919655,0.03042085664839975,0.07233534629776395,0.1617467514977879,0.04880125654637898,0.10912292702511,0.048989157919006654,0.10954308726737103,0.0,0.0,0.0,0.0,0.0,0.0,0.0,0.0,0.36366082170127206,0.37088690103088456,0.08729872466988779,0.08816010911215605,0.2702626151360865,0.2995940592812503,0.14818905043056615,0.15940622847935748,0.0,0.0,0.0,0.0,0.0,0.0,0.0,0.0,0.0,0.0,0.0,0.0,0.0440299815653643,0.06287651979671717,0.004526111292791692,0.007791941161692686,0.018337424860248308,0.02740974739938826,0.012650201896724922,0.020796174810374386,0.0,0.0,0.0,0.0,0.0,0.0,0.0,0.0,0.0,0.0,0.0,0.0,0.0,0.0,0.0,0.0,0.0,0.0,0.0,0.0,0.0,0.0,0.0,0.0,0.0,0.0,0.0,0.0,0.0,0.0,0.003395160580697745,0.007591809852967819,0.0,0.0,0.0,0.0,0.0,0.0,0.0,0.0,0.0,0.0,0.0,0.0,0.0,0.0,0.0,0.0,0.0,0.0,,0.2322015003561244,,,,,,,,0.119606145,3.0104893e-08,430.0421828927561
Nb-Cr-N-NCS-OCN,0.133,3.218,9.0,"Full Formula (Nb1 Cr1 C2 S1 N3 O1)
Reduced Formula: NbCrC2SN3O
abc   :   3.218479   3.218479  33.650168
angles:  90.000000  90.000000 120.000000
pbc   :       True       True       True
Sites (9)
  #  SP           a         b         c
---  ----  --------  --------  --------
  0  C     0.333333  0.666667  0.408371
  1  C     0.666667  0.333333  0.197108
  2  Cr    0.333333  0.666667  0.273801
  3  N     0         0         0.29319
  4  N     0.333333  0.666667  0.370855
  5  N     0.666667  0.333333  0.161746
  6  Nb    0.666667  0.333333  0.331002
  7  O     0.666667  0.333333  0.236495
  8  S     0.333333  0.666667  0.454357",NbCrNNCSOCN,1.4247663634680472,33.541057459240754,0.11820408267235545,Nb1 Cr1 N3 C2 S1 O1,Nb2+1 Cr3+1 N3-3 C4+2 S2-1 O2-1,-3,4,7,3.3541019662496847,0.3369304096821584,0.3844776953462995,0.3369304096821584,0.3844776953462995,0.17409434622565784,0.33848930027844926,6.03587538192866e-14,1.1735471477912033e-13,6.2580181598620225e-09,1.2167380698945042e-08,1.0113593689092955e-05,1.96637244421731e-05,0.02022227808039774,0.03931790380256037,0.17409434622565784,0.33848930027844926,0.03756818552678595,0.06629524253108803,0.013298984277969642,0.025257840742844265,0.03552255030569981,0.06707104980708377,0.00645502776411078,0.010054080659374924,0.1550760280257741,0.29063266733978027,0.051753774230930895,0.09707972262574188,0.04383600094847484,0.08245735713647677,0.1283055914611564,0.25046318930356526,0.08853701509158239,0.16582616931211705,0.08863235973155002,0.16600217453830693,0.0005658827330762494,0.001600558071658372,6.412612671687331e-05,0.00018137607621091583,0.0002795761419217529,0.0007907607432433764,0.0002439932946236406,0.0006901172527696938,0.2662547242036983,0.3770355783944762,0.06397321782427773,0.09117836285718747,0.2062622971054467,0.30391427465897664,0.11393068222564245,0.16132586578516184,0.0,0.0,0.0,0.0,0.0,0.0,0.0,0.0,0.0,0.0,0.0,0.0,0.028520134266654586,0.05375735351392667,0.0017935658270343973,0.00401583563627816,0.011960201073540226,0.02327165840337357,0.00827223971799981,0.016076572408360384,0.0009902893361945007,0.0028009612198394247,0.0001789250500156609,0.000506076464760864,0.0003456395231995121,0.00097761620280184,0.00023678395231740791,0.0006697261534391651,0.0,0.0,0.0,0.0,0.0,0.0,0.0,0.0,0.0,0.0,0.0,0.0,0.0,0.0,0.0,0.0,0.0,0.0,0.0,0.0,0.0,0.0,0.0,0.0,0.0,0.0,0.0,0.0,0.0,0.0,0.0,0.0,0.0,0.0,0.0,0.0,0.0,0.0,0.0,0.0,0.0,0.0,,0.3369304096821584,,,,,,,,0.08837148,7.526223e-09,2680.591543555949
Nb-Cr-N-F-Br,0.171,3.314,5.0,"Full Formula (Nb1 Cr1 Br1 N1 F1)
Reduced Formula: NbCrBrNF
abc   :   3.314292   3.314292  31.732702
angles:  90.000000  90.000000 120.000000
pbc   :       True       True       True
Sites (5)
  #  SP           a          b         c
---  ----  --------  ---------  --------
  0  Br    0.666667   0.333333  0.220126
  1  Cr    0.333333   0.666667  0.276522
  2  F     0.333333   0.666667  0.374566
  3  N     0         -0         0.301229
  4  Nb    0.666667   0.333333  0.332959",NbCrNFBr,1.4181829632531726,60.373903426633376,0.10702856901593139,Nb1 Cr1 N1 F1 Br1,Nb2+1 Cr3+1 N3-1 F-1 Br-1,-3,3,6,2.449489742783178,0.0,0.0,0.0,0.0,0.0,0.0,0.0,0.0,0.0,0.0,0.0,0.0,0.0,0.0,0.0,0.0,0.4760496301472818,0.43782815820086096,0.020079051669913285,0.03042513631365846,0.0967380141271067,0.11517835695158403,0.1793994036988214,0.19460037627435592,0.001018578224226141,0.002037156448452282,0.0002083535310413108,0.00041670706208262153,2.671277162635614e-06,5.342554325271229e-06,0.00014402516272367011,0.00028805032544734023,0.00025714627261203893,0.0005142925452240779,0.0002613160467307592,0.0005226320934615185,0.0,0.0,0.0,0.0,0.0,0.0,0.0,0.0,0.4581670709383198,0.40026464492674574,0.09860122231017446,0.09314769409682509,0.30697889912534354,0.2870334928303178,0.17299180143496026,0.14610075701460823,0.0,0.0,0.0,0.0,0.0,0.0,0.0,0.0,0.0,0.0,0.0,0.0,0.06298218918971107,0.07714111777560945,0.0013071966642912792,0.0023717207224490822,0.025297766131252526,0.031164523356599517,0.01803235084831446,0.022434601531098518,0.0017825315004612093,0.002219963900523524,0.00021173872650096255,0.0002593498840296942,0.0005187102073284435,0.0006641981945155208,0.0006787281792587339,0.0008337856673565671,0.0,0.0,0.0,0.0,0.0,0.0,0.0,0.0,0.0,0.0,0.0,0.0,0.0,0.0,0.0,0.0,0.0,0.0,0.0,0.0,0.0,0.0,0.0,0.0,0.0,0.0,0.0,0.0,0.0,0.0,0.0,0.0,0.0,0.0,0.0,0.0,0.0,0.0,0.0,0.0,0.0,0.0,,0.0,,,,,,,,0.10728117,3.0104893e-08,1375.8695096004471
Nb-Cr-N-OCN-OCN,0.328,3.213,9.0,"Full Formula (Nb1 Cr1 C2 N3 O2)
Reduced Formula: NbCrC2N3O2
abc   :   3.213602   3.213602  33.752385
angles:  90.000000  90.000000 120.000000
pbc   :       True       True       True
Sites (9)
  #  SP           a         b         c
---  ----  --------  --------  --------
  0  C     0.333333  0.666667  0.408719
  1  C     0.666667  0.333333  0.196655
  2  Cr    0.333333  0.666667  0.272694
  3  N     0         0         0.292891
  4  N     0.333333  0.666667  0.443912
  5  N     0.666667  0.333333  0.161393
  6  Nb    0.666667  0.333333  0.328397
  7  O     0.333333  0.666667  0.369087
  8  O     0.666667  0.333333  0.235978",NbCrNOCNOCN,1.3363919004914675,33.54105745924092,0.10732517197033853,Nb1 Cr1 N3 O2 C2,Nb2+1 Cr3+1 N3-3 O2-2 C4+2,-3,4,7,3.407771005482389,0.29544347075793903,0.39566419979305767,0.29544347075793903,0.39566419979305767,0.21813294781290588,0.4080907028644795,7.562699870706114e-14,1.4148561859791484e-13,7.841035497545732e-09,1.4669281827719617e-08,1.2671910674941342e-05,2.3707051070561624e-05,0.025337670204705134,0.047402594364860676,0.21813294781290588,0.4080907028644795,0.03147961158322947,0.053284078791430926,0.009690633809660744,0.01825898842923023,0.028806937258701523,0.05389672133863724,0.006136165730818389,0.009106035164882668,0.1516755610694242,0.2838908147455819,0.050523661279460064,0.09463921723176688,0.041984901970294836,0.08052898476260374,0.12163128876762024,0.2354073191565921,0.08565193724924978,0.16024450549293356,0.08576531059464515,0.160456207116843,0.001414687026397514,0.004001339158489258,0.00016943538476410722,0.0004792356381586082,0.0006943262099978592,0.001963851085780164,0.0006087805794144096,0.0017218915038344183,0.2716386260520476,0.3847884751522526,0.06369081673233241,0.09100715993212226,0.2094923231485758,0.30554433155875144,0.11368688874799954,0.16087827312492436,0.0,0.0,0.0,0.0,0.0,0.0,0.0,0.0,0.0,0.0,0.0,0.0,0.0276687541251405,0.0517765550541517,0.0015404340400552584,0.003191278909888654,0.011494502615411066,0.021819880854221124,0.008497681905544,0.01677133188154353,0.002546341572915741,0.007202141573703761,0.0004322261181250633,0.0012225200765286798,0.0008780991242160303,0.002483639381148494,0.0006466476430147843,0.001828995733656207,0.0,0.0,0.0,0.0,0.0,0.0,0.0,0.0,0.0,0.0,0.0,0.0,0.0,0.0,0.0,0.0,0.0,0.0,0.0,0.0,0.0,0.0,0.0,0.0,0.0,0.0,0.0,0.0,0.0,0.0,0.0,0.0,0.0,0.0,0.0,0.0,0.0,0.0,0.0,0.0,0.0,0.0,,0.29544347075793903,,,,,,,,0.08379692,3.7631114e-08,6638.804612491701
Nb-Cr-N-Cl-H,0.289,3.167,5.0,"Full Formula (Nb1 Cr1 H1 N1 Cl1)
Reduced Formula: NbCrHNCl
abc   :   3.167346   3.167346  34.745434
angles:  90.000000  90.000000 120.000000
pbc   :       True       True       True
Sites (5)
  #  SP           a          b         c
---  ----  --------  ---------  --------
  0  Cl    0.333333   0.666667  0.377652
  1  Cr    0.333333   0.666667  0.271394
  2  H     0.666667   0.333333  0.241739
  3  N     0         -0         0.288159
  4  Nb    0.666667   0.333333  0.326459",NbCrNClH,1.0747018123611147,60.3739034266333,0.09828311816140875,Nb1 Cr1 N1 Cl1 H1,Nb2+1 Cr3+1 N3-1 Cl-1 H-1,-3,3,6,2.449489742783178,0.0,0.0,0.0,0.0,0.0,0.0,0.0,0.0,0.0,0.0,0.0,0.0,0.0,0.0,0.0,0.0,0.5250621536311293,0.3957276591135284,0.06091659219639317,0.05814385416989704,0.19650726318058623,0.17087933251643359,0.15622963760200387,0.15424769818191433,0.0,0.0,0.0,0.0,0.0,0.0,0.0,0.0,0.0,0.0,0.0,0.0,0.0,0.0,0.0,0.0,0.0,0.0,0.0,0.0,0.4167673572607649,0.34799211946328823,0.11163676177805475,0.09350005001872341,0.27968213057535185,0.25580789007382054,0.1661211418603257,0.1485840588041396,0.0,0.0,0.0,0.0,0.0,0.0,0.0,0.0,0.0,0.0,0.0,0.0,0.04925963230098666,0.06051392123541743,0.00630557466283658,0.009035099337070685,0.019343194566420037,0.024873685113824873,0.015009388561870155,0.022164089645001835,0.0,0.0,0.0,0.0,0.0,0.0,0.0,0.0,0.0,0.0,0.0,0.0,0.0,0.0,0.0,0.0,0.0,0.0,0.0,0.0,0.0,0.0,0.0,0.0,0.0,0.0,0.0,0.0,0.0,0.0,0.00891085680711911,0.01782171361423822,0.0,0.0,0.0,0.0,0.0,0.0,0.0,0.0,0.0,0.0,0.0,0.0,0.0,0.0,0.0,0.0,0.0,0.0,,0.0,,,,,,,,0.117781125,7.526223e-08,782.6499312409569
Nb-Cr-N-NCO-SCN,0.476,3.358,9.0,"Full Formula (Nb1 Cr1 C2 S1 N3 O1)
Reduced Formula: NbCrC2SN3O
abc   :   3.358723   3.358723  30.898708
angles:  90.000000  90.000000 120.000000
pbc   :       True       True       True
Sites (9)
  #  SP            a          b         c
---  ----  ---------  ---------  --------
  0  C      0.333333   0.666667  0.414607
  1  C      0.666667   0.333333  0.171605
  2  Cr     0.333333   0.666667  0.268181
  3  N     -0         -0         0.300113
  4  N      0.333333   0.666667  0.374206
  5  N      0.666667   0.333333  0.133054
  6  Nb     0.666667   0.333333  0.327514
  7  O      0.333333   0.666667  0.453589
  8  S      0.666667   0.333333  0.226455",NbCrNNCOSCN,1.4247663634680423,33.54105745924087,0.11820408267235508,Nb1 Cr1 N3 C2 O1 S1,Nb2+1 Cr3+1 N3-3 C4+2 O2-1 S2-1,-3,4,7,3.3541019662496847,0.32536424994220403,0.39659376261533114,0.32536424994220403,0.39659376261533114,0.15781101531123143,0.3097112994152002,5.47133001711371e-14,1.0737734154917871e-13,5.672695415185176e-09,1.113292291262897e-08,9.16765261550923e-06,1.799193547127789e-05,0.01833085510793743,0.035975137373487315,0.15781101531123143,0.3097112994152002,0.04265142078420327,0.05597948149238728,0.005452532014439267,0.00947235788838837,0.027985119069121704,0.04418691982143105,0.013745494539325435,0.01765399742393381,0.15866818166125843,0.29830348255282013,0.052643274277249866,0.09878886142871718,0.04521469525604961,0.09018909195213969,0.12312483785985259,0.23256744021207704,0.08956356464628591,0.1688554048448931,0.08969406689793923,0.16910912115429944,0.015952143016144053,0.04511947400469234,0.0019530715636536448,0.005524120587208424,0.007805300875149428,0.022076724712077816,0.006856431764462511,0.019392917581577147,0.2648396927971517,0.3810158282595375,0.057071126078186624,0.08419028588981485,0.18638929697077217,0.2648889790361332,0.09898409275098399,0.14107237572186684,0.0,0.0,0.0,0.0,0.0,0.0,0.0,0.0,0.0,0.0,0.0,0.0,0.023407695458763502,0.0517406260540289,0.0001744712436180317,0.0004061298722481755,0.009776313350105478,0.021842743865224293,0.00806809630600941,0.01800209662328101,0.011305601029043594,0.03197706861210534,0.0010714179858819517,0.0030304276932094426,0.003237825483149219,0.00915795342173369,0.003946674097383392,0.011162880069572374,0.0,0.0,0.0,0.0,0.0,0.0,0.0,0.0,0.0,0.0,0.0,0.0,0.0,0.0,0.0,0.0,0.0,0.0,0.0,0.0,0.0,0.0,0.0,0.0,0.0,0.0,0.0,0.0,0.0,0.0,0.0,0.0,0.0,0.0,0.0,0.0,0.0,0.0,0.0,0.0,0.0,0.0,,0.32536424994220403,,,,,,,,0.042506933,0.0,73422.20381112899
Ta-Cr-N-NCO-SCN,0.453,3.388,9.0,"Full Formula (Ta1 Cr1 C2 S1 N3 O1)
Reduced Formula: TaCrC2SN3O
abc   :   3.388073   3.388073  30.365691
angles:  90.000000  90.000000 120.000000
pbc   :       True       True       True
Sites (9)
  #  SP           a          b         c
---  ----  --------  ---------  --------
  0  C     0.333333   0.666667  0.415893
  1  C     0.666667   0.333333  0.169908
  2  Cr    0.333333   0.666667  0.265124
  3  N     0         -0         0.304433
  4  N     0.333333   0.666667  0.374748
  5  N     0.666667   0.333333  0.130699
  6  O     0.333333   0.666667  0.455552
  7  S     0.666667   0.333333  0.226248
  8  Ta    0.666667   0.333333  0.32672",TaCrNNCOSCN,1.90906948829078,33.54105745924065,0.11820408267235584,Ta1 Cr1 N3 C2 O1 S1,Ta3+1 Cr2+1 N3-3 C4+2 O2-1 S2-1,-3,4,7,3.3541019662496847,0.32762162944305373,0.39679982382636403,0.32762162944305373,0.39679982382636403,0.15747165356553341,0.30921937291830626,5.459564297830833e-14,1.072067899432999e-13,5.660496673448969e-09,1.1115240058374248e-08,9.147938208441915e-06,1.7963358180732013e-05,0.01829143586348673,0.03591799666426284,0.15747165356553341,0.30921937291830626,0.0608047671114801,0.08865764822884635,0.01835314947691472,0.0336738373278805,0.05057300576052167,0.08554991507179999,0.013377033067454752,0.019990480216939905,0.1454492525075044,0.27227986721345004,0.04555510526660389,0.08534580313196007,0.05133726511246303,0.10677179772279279,0.10081611623072712,0.20135234024400114,0.07935327245146162,0.14851248910960835,0.07963069919793936,0.14904291864109578,0.02183989178854566,0.06177254233624412,0.004051715715839136,0.011459982632439839,0.009533811327330388,0.02696569056043375,0.008711527783879423,0.024639921481904626,0.245103985122745,0.3506833045224872,0.06035075261492776,0.08803660756413435,0.17350773219281193,0.2546732388554213,0.09751682549832442,0.13794798373385045,0.0,0.0,0.0,0.0,0.0,0.0,0.0,0.0,0.0,0.0,0.0,0.0,0.026600351482663515,0.06837425789918415,0.000259302724951655,0.0005563489210522052,0.011568258021133619,0.030302402566544547,0.008787208564925042,0.022393034691352447,0.01510846897847417,0.04273320347210271,0.0011150392489151864,0.003153807256788332,0.003722461517886137,0.010528711128013023,0.0054647035068600865,0.015456515627498696,0.0,0.0,0.0,0.0,0.0,0.0,0.0,0.0,0.0,0.0,0.0,0.0,0.0,0.0,0.0,0.0,0.0,0.0,0.0,0.0,0.0,0.0,0.0,0.0,0.0,0.0,0.0,0.0,0.0,0.0,0.0,0.0,0.0,0.0,0.0,0.0,0.0,0.0,0.0,0.0,0.0,0.0,,0.32762162944305373,,,,,,,,0.04467393,1.1289335e-08,81522.95304985966
Ta-Cr-N-Cl-Cl,0.311,3.303,5.0,"Full Formula (Ta1 Cr1 N1 Cl2)
Reduced Formula: TaCrNCl2
abc   :   3.303862   3.303862  31.933383
angles:  90.000000  90.000000 120.000000
pbc   :       True       True       True
Sites (5)
  #  SP           a         b         c
---  ----  --------  --------  --------
  0  Cl    0.333333  0.666667  0.385649
  1  Cl    0.666667  0.333333  0.221919
  2  Cr    0.333333  0.666667  0.2729
  3  N     0         0         0.296833
  4  Ta    0.666667  0.333333  0.328102",TaCrNClCl,1.7484820609573621,60.37390342663324,0.11194246474597189,Ta1 Cr1 N1 Cl2,Ta3+1 Cr2+1 N3-1 Cl-2,-3,3,6,2.581988897471611,0.0,0.0,0.0,0.0,0.0,0.0,0.0,0.0,0.0,0.0,0.0,0.0,0.0,0.0,0.0,0.0,0.49246641784032386,0.40569778375356036,0.018635949590430835,0.023874557563567152,0.08272521777696837,0.0872329718181609,0.16163786970036925,0.1495213025863737,0.007383754127538127,0.014767508255076252,0.002080653145850938,0.004161306291701877,6.825174193406069e-05,0.00013650348386812138,0.0025037155948676045,0.005007431189735209,0.002622215000691493,0.005244430001382986,0.002640720301333108,0.005281440602666216,0.0,0.0,0.0,0.0,0.0,0.0,0.0,0.0,0.4172555115341572,0.37055656893630107,0.09069026572596636,0.09114064431601823,0.2468422754522374,0.20760710972818136,0.16296343243811678,0.133252874463263,0.0,0.0,0.0,0.0,0.0,0.0,0.0,0.0,0.0,0.0,0.0,0.0,0.07780169786996012,0.09529609193377098,0.0034240248450185242,0.00589734617885294,0.03082388948611179,0.03781169966361663,0.018508357423375858,0.02347269618945634,0.004074029708483396,0.008148059416966792,0.0006954015920208523,0.0013908031840417045,0.0012038510668032519,0.0024077021336065037,0.0009074499243602513,0.0018148998487205025,0.0,0.0,0.0,0.0,0.0,0.0,0.0,0.0,0.0,0.0,0.0,0.0,0.0,0.0,0.0,0.0,0.0,0.0,0.0,0.0,0.0,0.0,0.0,0.0,0.0010185889195372488,0.0020371778390744976,0.0,0.0,0.0,0.0,0.0,0.0,0.0,0.0,0.0,0.0,0.0,0.0,0.0,0.0,0.0,0.0,,0.0,,,,,,,,0.116017014,5.268356e-08,1757.1450911795796
Ta-Cr-N-SCN-Cl,0.171,3.31,7.0,"Full Formula (Ta1 Cr1 C1 S1 N2 Cl1)
Reduced Formula: TaCrCSN2Cl
abc   :   3.310120   3.310120  31.812745
angles:  90.000000  90.000000 120.000000
pbc   :       True       True       True
Sites (7)
  #  SP           a         b         c
---  ----  --------  --------  --------
  0  C     0.333333  0.666667  0.449541
  1  Cl    0.666667  0.333333  0.235559
  2  Cr    0.333333  0.666667  0.28735
  3  N     0         0         0.306398
  4  N     0.333333  0.666667  0.486993
  5  S     0.333333  0.666667  0.396248
  6  Ta    0.666667  0.333333  0.346213",TaCrNSCNCl,1.8729630061123566,43.12421673330946,0.120512729060172,Ta1 Cr1 N2 S1 C1 Cl1,Ta3+1 Cr2+1 N3-2 S2-1 C4+1 Cl-1,-3,4,7,3.0166206257996713,0.21295267764328715,0.36318313275864844,0.21295267764328715,0.36318313275864844,0.07276160807099855,0.17822881263832063,2.5226551489272662e-14,6.179217911876508e-14,2.615498288835092e-09,6.406636230768511e-09,4.226911190104188e-06,1.0353775603815645e-05,0.0084517705708917,0.020702525321755944,0.07276160807099855,0.17822881263832063,0.23212496768883314,0.32918678496726406,0.034310998082985614,0.05647048249956029,0.07587324894560696,0.11714244786623713,0.0736769965161632,0.1328020191913263,0.13915327912764094,0.33774604688614107,0.0415141315615612,0.1008357816310533,0.015604838895438572,0.03819856820660816,0.08355698110613054,0.2036953412276551,0.06252260752619011,0.15207817151729677,0.062871573155539,0.1529245464729121,0.0,0.0,0.0,0.0,0.0,0.0,0.0,0.0,0.28633053113454876,0.3405980637338841,0.07263961475350218,0.09097394743671859,0.20071722054273772,0.25342056053226986,0.1264303195946958,0.14815997613453358,0.0,0.0,0.0,0.0,0.0,0.0,0.0,0.0,0.0,0.0,0.0,0.0,0.05540370718815567,0.08906829582776893,0.003362590688185435,0.007987427052515473,0.022728556351598227,0.03851646851442918,0.012605583735142206,0.020254974355557443,0.0,0.0,0.0,0.0,0.0,0.0,0.0,0.0,0.0,0.0,0.0,0.0,0.0,0.0,0.0,0.0,0.0,0.0,0.0,0.0,0.0,0.0,0.0,0.0,0.0,0.0,0.0,0.0,0.0,0.0,0.00036377611828543056,0.0008910658704096422,0.0009094530282503561,0.0022276958642423474,0.0,0.0,0.0,0.0,0.0,0.0,0.0,0.0,0.0,0.0,0.0,0.0,0.0,0.0,0.0,0.0,,0.21295267764328715,,,,,,,,0.117180355,7.526223e-09,890.9845955628863
Nb-Cr-N-NCO-OCN,0.401,3.2,9.0,"Full Formula (Nb1 Cr1 C2 N3 O2)
Reduced Formula: NbCrC2N3O2
abc   :   3.200805   3.200805  34.022802
angles:  90.000000  90.000000 120.000000
pbc   :       True       True       True
Sites (9)
  #  SP           a         b         c
---  ----  --------  --------  --------
  0  C     0.333333  0.666667  0.406149
  1  C     0.666667  0.333333  0.196054
  2  Cr    0.333333  0.666667  0.271964
  3  N     0         0         0.291243
  4  N     0.333333  0.666667  0.369408
  5  N     0.666667  0.333333  0.161073
  6  Nb    0.666667  0.333333  0.328071
  7  O     0.333333  0.666667  0.441537
  8  O     0.666667  0.333333  0.235024",NbCrNNCOOCN,1.3363919004914762,33.5410574592407,0.10732517197033924,Nb1 Cr1 N3 C2 O2,Nb2+1 Cr3+1 N3-3 C4+2 O2-2,-3,4,7,3.407771005482389,0.3046347054640688,0.39036918700134315,0.3046347054640688,0.39036918700134315,0.20953668853017476,0.3923842082801368,7.264666356659316e-14,1.3604015491380709e-13,7.532033236045034e-09,1.4104694117276754e-08,1.2172531599649906e-05,2.2794619920729315e-05,0.024339154460596677,0.04557817497365802,0.20953668853017476,0.3923842082801368,0.03484978244456876,0.06552412591268557,0.012700873369784238,0.024072057269905876,0.03463986927952817,0.06562896964918596,0.005457628432284787,0.01008933087158191,0.1517879203171173,0.2841406428383373,0.05060662088870069,0.09476696416607376,0.03799161170680706,0.07340867105040558,0.11875304851108304,0.22752765116087262,0.08438715536583018,0.15787798197631306,0.08450513540530184,0.15809851660985802,0.0007073523553058326,0.0020006945885001214,7.756050651472374e-05,0.00021937424043529823,0.00035059183396563795,0.0009916234529029231,0.0003051335308092791,0.0008630479552105423,0.26770906525863236,0.3792157606622742,0.06363017707281624,0.09066118155055379,0.20731081738357704,0.30484168702571,0.11547114227281344,0.1634639407170686,0.0,0.0,0.0,0.0,0.0,0.0,0.0,0.0,0.0,0.0,0.0,0.0,0.02950126327433979,0.05577404406226585,0.0020049002748776727,0.00464223847681067,0.012454069437523009,0.024355625611358955,0.008167152063489521,0.015953316762693716,0.000990280423368395,0.0028009360105603095,0.00018722376754203474,0.0005295487825130664,0.00034544788356158395,0.0009770741640517475,0.00022121229393515577,0.0006256828524935218,0.0,0.0,0.0,0.0,0.0,0.0,0.0,0.0,0.0,0.0,0.0,0.0,0.0,0.0,0.0,0.0,0.0,0.0,0.0,0.0,0.0,0.0,0.0,0.0,0.0002829419324240645,0.0008002806363963276,0.0,0.0,0.0,0.0,0.0,0.0,0.0,0.0,0.0,0.0,0.0,0.0,0.0,0.0,0.0,0.0,,0.3046347054640688,,,,,,,,0.08766269,1.5052446e-08,3357.349572800534
Ta-Cr-N-SCN-Br,0.336,3.411,7.0,"Full Formula (Ta1 Cr1 C1 S1 Br1 N2)
Reduced Formula: TaCrCSBrN2
abc   :   3.411440   3.411440  29.951129
angles:  90.000000  90.000000 120.000000
pbc   :       True       True       True
Sites (7)
  #  SP           a         b         c
---  ----  --------  --------  --------
  0  Br    0.666667  0.333333  0.226183
  1  C     0.333333  0.666667  0.453934
  2  Cr    0.333333  0.666667  0.28556
  3  N     0         0         0.309232
  4  N     0.333333  0.666667  0.493702
  5  S     0.333333  0.666667  0.397163
  6  Ta    0.666667  0.333333  0.342529",TaCrNSCNBr,2.1174813094294898,43.124216733309375,0.12774047473863245,Ta1 Cr1 N2 S1 C1 Br1,Ta3+1 Cr2+1 N3-2 S2-1 C4+1 Br-1,-3,4,7,3.0166206257996713,0.21245583940747167,0.3628050565928522,0.21245583940747167,0.3628050565928522,0.07325844630681402,0.17944581280077318,2.5398806001919063e-14,6.221411478064057e-14,2.6333577011000764e-09,6.4503826779237284e-09,4.255773816347836e-06,1.0424474310749246e-05,0.008509481813005282,0.020843888417356436,0.07325844630681402,0.17944581280077318,0.2204370995583374,0.31879455425273173,0.022405318681169732,0.04044327555551332,0.07465259708719144,0.11585073124950207,0.06662256020709063,0.11189931847551944,0.14841970693567944,0.3417303212551343,0.04404052818003955,0.10270065282191383,0.016159218219386418,0.03948459324547424,0.08772908953594237,0.21030092043474574,0.0659785897366521,0.15518660335321305,0.06635080102155981,0.15602057731550514,0.001091341633077121,0.0026732301360946503,0.00024152116781603607,0.000591603623230395,0.00046336714911659376,0.0011350130789037798,0.00036398189203876776,0.0008915699111077757,0.275820223334056,0.3502518085005258,0.0680143609268885,0.09833734132576699,0.15649966831689785,0.1904540451426343,0.09919941198745,0.11531724723804532,0.0,0.0,0.0,0.0,0.0,0.0,0.0,0.0,0.0,0.0,0.0,0.0,0.06287930925508574,0.09942101728881801,0.0007630913493066348,0.0015608374906433608,0.024031333306675635,0.03827954242283019,0.016907330858870785,0.026754889975179087,0.005638033569478611,0.01186199946470451,0.0006523128192557888,0.0014071534744560747,0.001646314029904712,0.0035739581772250024,0.0016822867670397367,0.0035542349599821136,0.0,0.0,0.0,0.0,0.0,0.0,0.0,0.0,0.0,0.0,0.0,0.0,0.0,0.0,0.0,0.0,0.0,0.0,0.0,0.0,0.0,0.0,0.0,0.0,0.0,0.0,0.0,0.0,0.0,0.0,0.0,0.0,0.0,0.0,0.0,0.0,0.0,0.0,0.0,0.0,0.0,0.0,,0.21245583940747167,,,,,,,,0.11833953,2.257867e-08,3959.4250479921034
Ta-Cr-N-Cl-OH,0.374,3.26,6.0,"Full Formula (Ta1 Cr1 H1 N1 Cl1 O1)
Reduced Formula: TaCrHNClO
abc   :   3.260250   3.260250  32.793430
angles:  90.000000  90.000000 120.000000
pbc   :       True       True       True
Sites (6)
  #  SP            a          b         c
---  ----  ---------  ---------  --------
  0  Cl     0.333333   0.666667  0.374473
  1  Cr     0.333333   0.666667  0.263298
  2  H      0.666667   0.333333  0.198342
  3  N     -0         -0         0.287063
  4  O      0.666667   0.333333  0.228423
  5  Ta     0.666667   0.333333  0.318315",TaCrNClOH,1.6470152438606687,50.31158618886138,0.10128036906910656,Ta1 Cr1 N1 Cl1 O1 H1,Ta3+1 Cr2+1 N3-1 Cl-1 O2-1 H+1,-3,3,6,2.3664319132398464,0.24844479058383503,0.38087769954001177,0.24844479058383503,0.38087769954001177,0.0,0.0,0.0,0.0,0.0,0.0,0.0,0.0,0.0,0.0,0.0,0.0,0.2143238864201008,0.35928611700453045,0.005025202035531644,0.005419727950704158,0.029111278881736397,0.03862347902891565,0.06022915103151658,0.09543499566824025,0.07428263584002608,0.1661010232861605,0.02174688017518391,0.048627502370253754,0.035556209149854946,0.07950610068127567,0.03452746189303172,0.0772057518833525,0.04052869336417436,0.09062491340153851,0.040746990531234435,0.09111304070638047,0.01060590690947222,0.023715528812614593,0.00191692874371323,0.004286382978966055,0.004680209689917372,0.010465267015608456,0.004264433757798518,0.009535563767982359,0.39186068215199477,0.406493400817783,0.08733583273486316,0.09534668276114444,0.25019334322507464,0.2541929429302466,0.1464170796512537,0.14643089713969767,0.0,0.0,0.0,0.0,0.0,0.0,0.0,0.0,0.0,0.0,0.0,0.0,0.034867895089430924,0.06303850537908876,0.0021127072714015563,0.00338152055924259,0.013307562633197706,0.0235092625053419,0.013511414431936116,0.02747231762630746,0.024128769000848423,0.053953567699286754,0.004547146396044344,0.010167728445198334,0.00726895766093439,0.016253883455417163,0.004881156533399266,0.01091459781749798,0.0,0.0,0.0,0.0,0.0,0.0,0.0,0.0,0.0,0.0,0.0,0.0,0.0,0.0,0.0,0.0,0.0,0.0,0.0,0.0,0.0,0.0,0.0,0.0,0.001485434004291751,0.00332153140968607,0.0,0.0,0.0,0.0,0.0,0.0,0.0,0.0,0.0,0.0,0.0,0.0,0.0,0.0,0.0,0.0,,0.24844479058383503,,,,,,,,0.12209498,3.0104893e-08,40507.89539448286
Ta-Cr-N-NCO-F,0.256,3.279,7.0,"Full Formula (Ta1 Cr1 C1 N2 O1 F1)
Reduced Formula: TaCrCN2OF
abc   :   3.279895   3.279895  32.401769
angles:  90.000000  90.000000 120.000000
pbc   :       True       True       True
Sites (7)
  #  SP           a         b         c
---  ----  --------  --------  --------
  0  C     0.333333  0.666667  0.426405
  1  Cr    0.333333  0.666667  0.284158
  2  F     0.666667  0.333333  0.249376
  3  N     0         0         0.312913
  4  N     0.333333  0.666667  0.387719
  5  O     0.333333  0.666667  0.463608
  6  Ta    0.666667  0.333333  0.343724",TaCrNNCOF,1.6940742669371864,43.12421673330966,0.09749217694965463,Ta1 Cr1 N2 C1 O1 F1,Ta3+1 Cr2+1 N3-2 C4+1 O2-1 F-1,-3,4,7,3.0166206257996713,0.19998802006836566,0.3428119576493172,0.19998802006836566,0.3428119576493172,0.1294911489379245,0.31718724110465496,4.4894762810906595e-14,1.0996926100999937e-13,4.654705791218277e-09,1.1401654091262628e-08,7.522477869525313e-06,1.842623238171571e-05,0.015041304209722706,0.036843520379797205,0.1294911489379245,0.31718724110465496,0.15343034144768455,0.3268102831926658,0.005922092920167545,0.011323520671071848,0.054569477515399756,0.10933873852402515,0.06647898625612249,0.14412048470022273,0.10618422406348493,0.24044108139673143,0.0354534776979462,0.081258697936565,0.021217912276198507,0.047663604620197565,0.09535632211862284,0.22515174436733218,0.05728492483355998,0.13077526076404153,0.057371532176884,0.13094246545566762,0.0,0.0,0.0,0.0,0.0,0.0,0.0,0.0,0.37151382155873014,0.4336708005448404,0.07654938975852166,0.09031151077141986,0.27497651254270666,0.31806879830389617,0.13485375967146776,0.15655879538962741,0.0,0.0,0.0,0.0,0.0,0.0,0.0,0.0,0.0,0.0,0.0,0.0,0.031755253244621036,0.051452928176424516,0.0008923123519856103,0.001486245550299221,0.013349806551455382,0.02145415622880843,0.011118103123293687,0.019154515250037907,0.00763719067918918,0.01870722023235319,0.0010686342613105682,0.002617608661866915,0.00245613484777207,0.006016277116510009,0.002298910422859559,0.0056311575003718285,0.0,0.0,0.0,0.0,0.0,0.0,0.0,0.0,0.0,0.0,0.0,0.0,0.0,0.0,0.0,0.0,0.0,0.0,0.0,0.0,0.0,0.0,0.0,0.0,0.0,0.0,0.0,0.0,0.0,0.0,0.0,0.0,0.0,0.0,0.0,0.0,0.0,0.0,0.0,0.0,0.0,0.0,,0.19998802006836566,,,,,,,,0.05382774,2.634178e-08,2285.7127517038098
Ta-Cr-N-OH-OCN,0.107,3.234,8.0,"Full Formula (Ta1 Cr1 H1 C1 N2 O2)
Reduced Formula: TaCrHC(NO)2
abc   :   3.234105   3.234105  33.325778
angles:  90.000000  90.000000 120.000000
pbc   :       True       True       True
Sites (8)
  #  SP           a         b         c
---  ----  --------  --------  --------
  0  C     0.666667  0.333333  0.186723
  1  Cr    0.333333  0.666667  0.263458
  2  H     0.333333  0.666667  0.387169
  3  N     0         0         0.285518
  4  N     0.666667  0.333333  0.151023
  5  O     0.333333  0.666667  0.357302
  6  O     0.666667  0.333333  0.226564
  7  Ta    0.666667  0.333333  0.317919",TaCrNOHOCN,1.6831217260391094,37.733689641645576,0.09897172268129147,Ta1 Cr1 N2 O2 H1 C1,Ta3+1 Cr2+1 N3-2 O2-2 H+1 C4+1,-3,4,7,2.9351975428213715,0.35171221456308843,0.4090062918571735,0.35171221456308843,0.4090062918571735,0.12236653742989015,0.3237514268355662,4.242465001635265e-14,1.1224507340222142e-13,4.398603573278072e-09,1.1637611170853851e-08,7.108590643736267e-06,1.880756301548671e-05,0.014213730665527745,0.037605996543439005,0.12236653742989015,0.3237514268355662,0.019395429399992673,0.03241083363400233,0.0052262689461277465,0.009102758343019407,0.018272640383537417,0.03170470516046611,0.00393177041506793,0.006183626067855949,0.1450338590012225,0.25287885418102957,0.04759548919208227,0.0828337802392046,0.0467360348347884,0.08379749297639383,0.09237713630948605,0.16036881382480384,0.08325921378913946,0.14519234837151207,0.08338311784749011,0.1454197412999376,0.005887389005798894,0.01557656718083968,0.0007543466925684223,0.001995813750860141,0.0028600933741805986,0.007567095794505468,0.0025222235988970475,0.006673176393579913,0.31260789398630096,0.40606283035234286,0.07130052910049084,0.09404316868999879,0.23342534204678944,0.3081103679669712,0.12242446032345668,0.15834917559054912,0.0,0.0,0.0,0.0,0.0,0.0,0.0,0.0,0.0,0.0,0.0,0.0,0.033135395638745443,0.059011788691207254,0.0012158913639234703,0.00220962941774254,0.013345695117902814,0.02330867916131974,0.011768722524754454,0.022198313288359996,0.009861280974960912,0.026090497068279137,0.0012839338155683354,0.0033969695758600854,0.0032602974944635206,0.00862593637043746,0.0031164280449844325,0.00824529358585602,0.0,0.0,0.0,0.0,0.0,0.0,0.0,0.0,0.0,0.0,0.0,0.0,0.0,0.0,0.0,0.0,0.0,0.0,0.0,0.0,0.0,0.0,0.0,0.0,0.0,0.0,0.0,0.0,0.0,0.0,0.0,0.0,0.0,0.0,0.0,0.0,0.0,0.0,0.0,0.0,0.0,0.0,,0.35171221456308843,,,,,,,,0.057702623,3.0104893e-08,26619.648867102536
Nb-Cr-N-NCO-H,0.0,3.127,7.0,"Full Formula (Nb1 Cr1 H1 C1 N2 O1)
Reduced Formula: NbCrHCN2O
abc   :   3.127070   3.127070  35.646205
angles:  90.000000  90.000000 120.000000
pbc   :       True       True       True
Sites (7)
  #  SP            a          b         c
---  ----  ---------  ---------  --------
  0  C      0.333333   0.666667  0.421949
  1  Cr     0.333333   0.666667  0.286355
  2  H      0.666667   0.333333  0.260183
  3  N     -0         -0         0.311301
  4  N      0.333333   0.666667  0.386869
  5  Nb     0.666667   0.333333  0.345479
  6  O      0.333333   0.666667  0.455766",NbCrNNCOH,1.1108082945395334,43.12421673330958,0.09597447177359227,Nb1 Cr1 N2 C1 O1 H1,Nb5+1 Cr6+1 N3-2 C4-1 O2-1 H+1,-4,6,10,4.183300132670378,0.2026780417012257,0.3437087577651849,0.2026780417012257,0.3437087577651849,0.1294911489379245,0.31718724110465496,4.4894762810906595e-14,1.0996926100999937e-13,4.654705791218277e-09,1.1401654091262628e-08,7.522477869525313e-06,1.842623238171571e-05,0.015041304209722706,0.036843520379797205,0.1294911489379245,0.31718724110465496,0.18244084330572688,0.33853507572192104,0.016548571965569938,0.030180569253923945,0.11016503243254704,0.20523961359863568,0.06308796417190977,0.11709906433967593,0.0964022379322784,0.23613629299645933,0.02986668708513074,0.07315814366594256,0.012194788645734603,0.02987100970313567,0.06513680445111532,0.15955193438068066,0.04544106941920788,0.11130743344344804,0.045641839529579904,0.11179921776946178,0.0,0.0,0.0,0.0,0.0,0.0,0.0,0.0,0.3677187989874198,0.4273927941091962,0.07485837146706144,0.08668558322453378,0.2987717252021393,0.36354112884997536,0.14248485068859756,0.1733300150941219,0.0,0.0,0.0,0.0,0.0,0.0,0.0,0.0,0.0,0.0,0.0,0.0,0.019631928963691616,0.031040805631852554,0.0015081957142575781,0.003458096041430035,0.008435747974714355,0.01341729881693549,0.00584048981684947,0.010797107842260236,0.0,0.0,0.0,0.0,0.0,0.0,0.0,0.0,0.0,0.0,0.0,0.0,0.0,0.0,0.0,0.0,0.0,0.0,0.0,0.0,0.0,0.0,0.0,0.0,0.0,0.0,0.0,0.0,0.0,0.0,0.0016370001717331624,0.004009815129594682,0.0,0.0,0.0,0.0,0.0,0.0,0.0,0.0,0.0,0.0,0.0,0.0,0.0,0.0,0.0,0.0,0.0,0.0,,0.2026780417012257,,,,,,,,0.109110355,0.0,135.3683548093838
Nb-Cr-N-NCO-F,0.348,3.252,7.0,"Full Formula (Nb1 Cr1 C1 N2 O1 F1)
Reduced Formula: NbCrCN2OF
abc   :   3.252280   3.252280  32.954347
angles:  90.000000  90.000000 120.000000
pbc   :       True       True       True
Sites (7)
  #  SP           a         b         c
---  ----  --------  --------  --------
  0  C     0.333333  0.666667  0.425501
  1  Cr    0.333333  0.666667  0.287624
  2  F     0.666667  0.333333  0.252051
  3  N     0         0         0.308299
  4  N     0.333333  0.666667  0.387568
  5  Nb    0.666667  0.333333  0.344801
  6  O     0.333333  0.666667  0.462057",NbCrNNCOF,1.2097711421144661,43.124216733309495,0.09749217694965501,Nb1 Cr1 N2 C1 O1 F1,Nb2+1 Cr3+1 N3-2 C4+1 O2-1 F-1,-3,4,7,3.0166206257996713,0.19899502430999425,0.3425759939825682,0.19899502430999425,0.3425759939825682,0.1295966756391191,0.3174457276768208,4.4931349066100145e-14,1.1005887866682286e-13,4.658499067833764e-09,1.14109456834238e-08,7.528608190252957e-06,1.8441248539458042e-05,0.015053561875423685,0.036873545406202225,0.1295966756391191,0.3174457276768208,0.16532903286290396,0.3342343314261765,0.012169197113937158,0.017098616046061152,0.061324820553239616,0.09054013301895127,0.06935840217035608,0.15771488488651594,0.10343545658604879,0.24363153256278935,0.034833333181274524,0.08235187695896368,0.020710930660669247,0.04909808637958796,0.09560787739538491,0.22909186015687272,0.05625904718716985,0.13291434754028827,0.056331495276983716,0.13307882200265536,0.0,0.0,0.0,0.0,0.0,0.0,0.0,0.0,0.36108691900301043,0.41702583109084196,0.08702462717607183,0.10209790996282335,0.2699577826562835,0.32269886216053373,0.14562025823832256,0.16840930091915507,0.0,0.0,0.0,0.0,0.0,0.0,0.0,0.0,0.0,0.0,0.0,0.0,0.03737375911229422,0.059152633515276214,0.002396462298573882,0.003937565391638232,0.015389760944200716,0.024884454345720574,0.01196788961957499,0.020209962751004795,0.004183132486629248,0.01024654011870143,0.0007064483332163491,0.00173043794601972,0.0014383750320571857,0.0035232848872995015,0.0010603743495408674,0.0025973760927107386,0.0,0.0,0.0,0.0,0.0,0.0,0.0,0.0,0.0,0.0,0.0,0.0,0.0,0.0,0.0,0.0,0.0,0.0,0.0,0.0,0.0,0.0,0.0,0.0,0.0,0.0,0.0,0.0,0.0,0.0,0.0,0.0,0.0,0.0,0.0,0.0,0.0,0.0,0.0,0.0,0.0,0.0,,0.19899502430999425,,,,,,,,0.055942602,1.5052446e-08,1474.1705224765817
Nb-Cr-N-NCO-NCO,0.389,3.195,9.0,"Full Formula (Nb1 Cr1 C2 N3 O2)
Reduced Formula: NbCrC2N3O2
abc   :   3.195381   3.195381  34.138407
angles:  90.000000  90.000000 120.000000
pbc   :       True       True       True
Sites (9)
  #  SP           a         b         c
---  ----  --------  --------  --------
  0  C     0.333333  0.666667  0.407035
  1  C     0.666667  0.333333  0.198065
  2  Cr    0.333333  0.666667  0.273074
  3  N     0         0         0.292447
  4  N     0.333333  0.666667  0.370429
  5  N     0.666667  0.333333  0.234541
  6  Nb    0.666667  0.333333  0.329047
  7  O     0.333333  0.666667  0.442318
  8  O     0.666667  0.333333  0.162768",NbCrNNCONCO,1.3363919004914755,33.54105745924071,0.10732517197033918,Nb1 Cr1 N3 C2 O2,Nb2+1 Cr3+1 N3-3 C4+2 O2-2,-3,4,7,3.407771005482389,0.312910532088894,0.3853419246020875,0.312910532088894,0.3853419246020875,0.20183986095739437,0.37760816110490064,6.997816266046504e-14,1.3091727865040315e-13,7.255362064533505e-09,1.3573552391205134e-08,1.1725402853348113e-05,2.193624088257544e-05,0.023445114011334235,0.04386183356806523,0.20183986095739437,0.37760816110490064,0.04300899776090055,0.08070371829134494,0.015387700029473659,0.028914359772075474,0.04294450251544052,0.08069031248727891,0.0067996344964549845,0.012722254993745505,0.1514918610754205,0.28355945928233606,0.050790784390257526,0.09506431890067375,0.03312620349005161,0.0628185629253621,0.14294691512506733,0.2675709565864743,0.08331740285303477,0.15587671525831595,0.08342114678697471,0.15607023359762906,0.0004244125449577557,0.0012004199542410782,5.046093281575539e-05,0.0001427250711160777,0.000212119121996008,0.0005999634783308552,0.0001809252500656864,0.0005117338848372748,0.25954984994230057,0.36951110081049643,0.060441563720375235,0.08630016926791102,0.20321354053180984,0.3013063996611399,0.1138487237307102,0.16144474733924213,0.0,0.0,0.0,0.0,0.0,0.0,0.0,0.0,0.0,0.0,0.0,0.0,0.03006713327482642,0.05700403597635959,0.0019378379843287155,0.0048700103804298666,0.012778341877346435,0.02506789536085916,0.0079330344034407,0.015327161019999029,0.0002829398103480768,0.0008002746342590432,5.3969448267956023e-05,0.0001526486513886731,9.868802340418491e-05,0.00027913188228398346,6.246093092129007e-05,0.00017666619125467488,0.0,0.0,0.0,0.0,0.0,0.0,0.0,0.0,0.0,0.0,0.0,0.0,0.0,0.0,0.0,0.0,0.0,0.0,0.0,0.0,0.0,0.0,0.0,0.0,0.0004244125449577557,0.0012004199542410782,0.0,0.0,0.0,0.0,0.0,0.0,0.0,0.0,0.0,0.0,0.0,0.0,0.0,0.0,0.0,0.0,,0.312910532088894,,,,,,,,0.09257125,2.257867e-08,2020.0548568758554
Nb-Cr-N-NCO-NCS,0.401,3.223,9.0,"Full Formula (Nb1 Cr1 C2 S1 N3 O1)
Reduced Formula: NbCrC2SN3O
abc   :   3.223981   3.223981  33.535415
angles:  90.000000  90.000000 120.000000
pbc   :       True       True       True
Sites (9)
  #  SP           a         b         c
---  ----  --------  --------  --------
  0  C     0.333333  0.666667  0.406624
  1  C     0.666667  0.333333  0.19489
  2  Cr    0.333333  0.666667  0.270812
  3  N     0         0         0.291256
  4  N     0.333333  0.666667  0.369386
  5  N     0.666667  0.333333  0.232
  6  Nb    0.666667  0.333333  0.327273
  7  O     0.333333  0.666667  0.442556
  8  S     0.666667  0.333333  0.148528",NbCrNNCONCS,1.424766363468051,33.54105745924066,0.11820408267235578,Nb1 Cr1 N3 C2 O1 S1,Nb2+1 Cr3+1 N3-3 C4+2 O2-1 S2-1,-3,4,7,3.3541019662496847,0.3491929142850775,0.37817909566318064,0.3491929142850775,0.37817909566318064,0.16508398908566796,0.31849199128321964,5.723485037137356e-14,1.1042161972543741e-13,5.93413068257536e-09,1.1448554811984242e-08,9.590158591497319e-06,1.8502028715472993e-05,0.01917566196885328,0.03699507625457665,0.16508398908566796,0.31849199128321964,0.037845363420767976,0.07044683000175493,0.012536896400332988,0.023663184582976796,0.03734512161534692,0.07033062110804092,0.006456173063980723,0.011702546918771001,0.1515409420257502,0.2836330235768584,0.05077168016364883,0.09504271074563778,0.035581579852286445,0.06775353807407127,0.12018824453901973,0.22965492662458672,0.08422401477342324,0.15757266811193724,0.08432292258150739,0.1577573420379683,0.000848821270171094,0.0024008291046134366,9.632714232704474e-05,0.00027245430220710016,0.00042410262138114547,0.0011995433579903953,0.00036482019351402194,0.0010318673309902139,0.2640097364549274,0.37569965266178856,0.06094332933617143,0.08727796288911517,0.2050574471678,0.3012094427559838,0.11318393917918249,0.16042847153185136,0.0,0.0,0.0,0.0,0.0,0.0,0.0,0.0,0.0,0.0,0.0,0.0,0.03006354643124038,0.05665816876258462,0.0017090199080336808,0.003988277011413455,0.012697137298079501,0.024567951701588587,0.008479920034284641,0.016337050137501412,0.001414687026397514,0.004001339158489258,0.00024982188308461276,0.0007066029904716901,0.0004886007852550616,0.0013819717141877047,0.00034241872275609774,0.0009685064034642924,0.0,0.0,0.0,0.0,0.0,0.0,0.0,0.0,0.0,0.0,0.0,0.0,0.0,0.0,0.0,0.0,0.0,0.0,0.0,0.0,0.0,0.0,0.0,0.0,0.0,0.0,0.0,0.0,0.0,0.0,0.0,0.0,0.0,0.0,0.0,0.0,0.0,0.0,0.0,0.0,0.0,0.0,,0.3491929142850775,,,,,,,,0.054570116,1.5052446e-08,4037.479375340476
Nb-Cr-N-Cl-Br,0.318,3.359,5.0,"Full Formula (Nb1 Cr1 Br1 N1 Cl1)
Reduced Formula: NbCrBrNCl
abc   :   3.359864   3.359864  30.877720
angles:  90.000000  90.000000 120.000000
pbc   :       True       True       True
Sites (5)
  #  SP           a         b         c
---  ----  --------  --------  --------
  0  Br    0.666667  0.333333  0.213846
  1  Cl    0.333333  0.666667  0.389259
  2  Cr    0.333333  0.666667  0.27139
  3  N     0         0         0.300375
  4  Nb    0.666667  0.333333  0.330534",NbCrNClBr,1.50869723945176,60.37390342663342,0.11917021042443174,Nb1 Cr1 N1 Cl1 Br1,Nb2+1 Cr3+1 N3-1 Cl-1 Br-1,-3,3,6,2.449489742783178,0.0,0.0,0.0,0.0,0.0,0.0,0.0,0.0,0.0,0.0,0.0,0.0,0.0,0.0,0.0,0.0,0.4991138447423381,0.4156916299910402,0.014589241866473682,0.01800897372164249,0.0798580373900024,0.0942802716007936,0.158445922257258,0.13801742269184422,0.0015278729386443933,0.003055745877288787,0.0003411422141883859,0.0006822844283767719,5.42883304002937e-06,1.085766608005874e-05,0.0002726226094975368,0.0005452452189950736,0.0004213584668100238,0.0008427169336200476,0.00042715854330081045,0.0008543170866016209,0.0,0.0,0.0,0.0,0.0,0.0,0.0,0.0,0.43232476386537116,0.3846821022967422,0.08507305359998629,0.08485485602494944,0.24586727577368944,0.20605316442777716,0.16315683499005304,0.13417516870646407,0.0,0.0,0.0,0.0,0.0,0.0,0.0,0.0,0.0,0.0,0.0,0.0,0.06576028166760328,0.08054867746292228,0.003696184120715816,0.004554483731032136,0.02646753567385978,0.032416503649894186,0.014764479835465322,0.018114115945322345,0.0010185889195372488,0.0014848346558153141,0.00015569022806876282,0.00023058278258980018,0.00028523670942839723,0.00042453315528652945,0.0002896369397548459,0.0003765385577209217,0.0,0.0,0.0,0.0,0.0,0.0,0.0,0.0,0.0,0.0,0.0,0.0,0.0,0.0,0.0,0.0,0.0,0.0,0.0,0.0,0.0,0.0,0.0,0.0,0.000254647866505708,0.000509295733011416,0.0,0.0,0.0,0.0,0.0,0.0,0.0,0.0,0.0,0.0,0.0,0.0,0.0,0.0,0.0,0.0,,0.0,,,,,,,,0.116710626,4.515734e-08,1062.9995897949188
Nb-Cr-N-CN-SCN,0.196,3.342,8.0,"Full Formula (Nb1 Cr1 C2 S1 N3)
Reduced Formula: NbCrC2SN3
abc   :   3.342085   3.342085  31.207109
angles:  90.000000  90.000000 120.000000
pbc   :       True       True       True
Sites (8)
  #  SP            a          b         c
---  ----  ---------  ---------  --------
  0  C      0.333333   0.666667  0.369371
  1  C      0.666667   0.333333  0.165357
  2  Cr     0.333333   0.666667  0.262374
  3  N     -0         -0         0.291402
  4  N      0.333333   0.666667  0.408062
  5  N      0.666667   0.333333  0.12717
  6  Nb     0.666667   0.333333  0.32168
  7  S      0.666667   0.333333  0.219458",NbCrNCNSCN,1.336756056791211,37.73368964164584,0.11520683176465707,Nb1 Cr1 N3 C2 S1,Nb5+1 Cr6+1 N3-3 C4+1 C4-1 S2-1,-4,6,10,4.454211490264018,0.36577953045169387,0.41225744843306766,0.36577953045169387,0.41225744843306766,0.06424590676017866,0.16997869204127614,2.2274145910563514e-14,5.89318507457174e-14,2.30939177473844e-09,6.110076315776009e-09,3.7322119370699976e-06,9.874504625673862e-06,0.007462612199638241,0.019744216011159485,0.06424590676017866,0.16997869204127614,0.055356225659759256,0.08186591793508094,0.006317748283091869,0.010791453009555594,0.03627166081914667,0.060886110389293376,0.01797575035489404,0.024959972502979294,0.17409349599826981,0.30917468876472054,0.0579894258501944,0.10298121765351806,0.04250412612708741,0.08198797244835757,0.13000102469439054,0.22573715155663018,0.0967284727945861,0.17380656939991443,0.0968560407504664,0.17401220811870552,0.013670434429172849,0.03616856981380659,0.001528639500065793,0.004044399961444192,0.006821485323082669,0.018047953736953833,0.005886585321059388,0.01557444083088645,0.28906512157371156,0.3862405510402947,0.06022823474959608,0.08288247498778353,0.20145162706225972,0.26026911273991404,0.10685956727846108,0.13854351280277197,0.0,0.0,0.0,0.0,0.0,0.0,0.0,0.0,0.0,0.0,0.0,0.0,0.027928004152253112,0.05223887151971514,0.0003485862889480901,0.0006169212899277283,0.011590838335352,0.021572913543445822,0.009175443346159577,0.017765933594985794,0.009861280974960912,0.026090497068279137,0.0011884906825726357,0.0031444507816046014,0.003020344060182427,0.007991079257093804,0.0031097460780381437,0.008227614763047389,0.0,0.0,0.0,0.0,0.0,0.0,0.0,0.0,0.0,0.0,0.0,0.0,0.0,0.0,0.0,0.0,0.0,0.0,0.0,0.0,0.0,0.0,0.0,0.0,0.0,0.0,0.0,0.0,0.0,0.0,0.0,0.0,0.0,0.0,0.0,0.0,0.0,0.0,0.0,0.0,0.0,0.0,,0.36577953045169387,,,,,,,,0.046139818,3.7631116e-09,63046.942470842274
Nb-Cr-N-F-Cl,0.251,3.285,5.0,"Full Formula (Nb1 Cr1 N1 Cl1 F1)
Reduced Formula: NbCrNClF
abc   :   3.285785   3.285785  32.285717
angles:  90.000000  90.000000 120.000000
pbc   :       True       True       True
Sites (5)
  #  SP           a         b         c
---  ----  --------  --------  --------
  0  Cl    0.666667  0.333333  0.22562
  1  Cr    0.333333  0.666667  0.275685
  2  F     0.333333  0.666667  0.372584
  3  N     0         0         0.299845
  4  Nb    0.666667  0.333333  0.331668",NbCrNFCl,1.1736646599360439,60.37390342663339,0.09980082333747116,Nb1 Cr1 N1 F1 Cl1,Nb2+1 Cr3+1 N3-1 F-1 Cl-1,-3,3,6,2.449489742783178,0.0,0.0,0.0,0.0,0.0,0.0,0.0,0.0,0.0,0.0,0.0,0.0,0.0,0.0,0.0,0.0,0.4597919876926796,0.4405838359107041,0.01598767516631908,0.021513184718781834,0.0821496732806198,0.08181403143600287,0.1954350185265284,0.21188735339534168,0.0033103295703715632,0.0066206591407431264,0.0009368204215879798,0.0018736408431759596,3.1250438779761955e-05,6.250087755952392e-05,0.001136469437018765,0.00227293887403753,0.0011815948123602336,0.002363189624720467,0.0011897816305988216,0.0023795632611976433,0.0,0.0,0.0,0.0,0.0,0.0,0.0,0.0,0.47618237119298923,0.4031200510574952,0.10235105748322523,0.09147665734781242,0.33763466622875143,0.2969591190213603,0.18568440033723224,0.15382831799961852,0.0,0.0,0.0,0.0,0.0,0.0,0.0,0.0,0.0,0.0,0.0,0.0,0.05842351130353316,0.07155865656146147,0.001027611062738447,0.0012912558033725385,0.023961610062884407,0.02943481069504413,0.01720619100322946,0.021099707522188423,0.0022918002404264276,0.004583600480852855,0.0002592814888111586,0.0005185629776223172,0.000734560808245202,0.001469121616490404,0.0007792304592253008,0.0015584609184506016,0.0,0.0,0.0,0.0,0.0,0.0,0.0,0.0,0.0,0.0,0.0,0.0,0.0,0.0,0.0,0.0,0.0,0.0,0.0,0.0,0.0,0.0,0.0,0.0,0.0,0.0,0.0,0.0,0.0,0.0,0.0,0.0,0.0,0.0,0.0,0.0,0.0,0.0,0.0,0.0,0.0,0.0,,0.0,,,,,,,,0.10878341,3.0104893e-08,1150.5171946491332
Nb-Cr-N-H-OH,0.137,3.145,6.0,"Full Formula (Nb1 Cr1 H2 N1 O1)
Reduced Formula: NbCrH2NO
abc   :   3.145338   3.145338  35.233363
angles:  90.000000  90.000000 120.000000
pbc   :       True       True       True
Sites (6)
  #  SP           a          b         c
---  ----  --------  ---------  --------
  0  Cr    0.333333   0.666667  0.268007
  1  H     0.333333   0.666667  0.352125
  2  H     0.666667   0.333333  0.205569
  3  N     0         -0         0.287727
  4  Nb    0.666667   0.333333  0.322985
  5  O     0.666667   0.333333  0.233501",NbCrNHOH,0.9732349952644326,50.311586188861064,0.08762102248454418,Nb1 Cr1 N1 H2 O1,Nb2+1 Cr3+1 N3-1 H+1 H-1 O2-1,-3,3,6,2.3664319132398464,0.2507719292447818,0.3823902160483698,0.2507719292447818,0.3823902160483698,0.0,0.0,0.0,0.0,0.0,0.0,0.0,0.0,0.0,0.0,0.0,0.0,0.21571999362233163,0.35635549175352454,0.022437196058712566,0.02332778708723689,0.11752585986143599,0.1534336835151957,0.07771681904736565,0.1479943105287777,0.0819247852711149,0.18318938890828643,0.026849045197149406,0.06003629019179032,0.027689484288203378,0.06191556913033514,0.05195507445219497,0.1161750782511706,0.04724633059343839,0.10564600689435623,0.04732088772705805,0.10581272171333732,0.0006366188174366336,0.001423522951543841,7.5390471674518e-05,0.00016857821951999464,0.00031291331436638254,0.0006996954419879929,0.00027409850116169875,0.0006129028811283634,0.412805430678952,0.41306034260816676,0.09237635801862377,0.09274584096545331,0.3215928983162411,0.33015043703365216,0.17846768951942824,0.1785881392715788,0.0,0.0,0.0,0.0,0.0,0.0,0.0,0.0,0.0,0.0,0.0,0.0,0.03623140883169437,0.05181034935632394,0.0011908533470481174,0.0020799872007657046,0.014972929788288458,0.021893468135444922,0.012281811995800855,0.017385712000664334,0.0019098335336886895,0.004270517607036544,0.0002711149068236125,0.0006062313613711192,0.000633310305351193,0.0014161248936164165,0.0006037615115859587,0.0013500517821042305,0.0,0.0,0.0,0.0,0.0,0.0,0.0,0.0,0.0,0.0,0.0,0.0,0.0,0.0,0.0,0.0,0.0,0.0,0.0,0.0,0.0,0.0,0.0,0.0,0.0,0.0,0.0,0.0,0.0,0.0,0.0,0.0,0.0,0.0,0.0,0.0,0.0,0.0,0.0,0.0,0.0,0.0,,0.2507719292447818,,,,,,,,0.11642023,6.0209786e-08,2954.862934033161
Nb-Cr-N-NCS-SCN,0.243,3.384,9.0,"Full Formula (Nb1 Cr1 C2 S2 N3)
Reduced Formula: NbCrC2S2N3
abc   :   3.384269   3.384269  30.433993
angles:  90.000000  90.000000 120.000000
pbc   :       True       True       True
Sites (9)
  #  SP           a         b         c
---  ----  --------  --------  --------
  0  C     0.333333  0.666667  0.417263
  1  C     0.666667  0.333333  0.17195
  2  Cr    0.333333  0.666667  0.269342
  3  N     0         0         0.302316
  4  N     0.333333  0.666667  0.376075
  5  N     0.666667  0.333333  0.132819
  6  Nb    0.666667  0.333333  0.329932
  7  S     0.333333  0.666667  0.468282
  8  S     0.666667  0.333333  0.227745",NbCrNNCSSCN,1.513140826444626,33.54105745924064,0.1290829933743723,Nb1 Cr1 N3 C2 S2,Nb2+1 Cr3+1 N3-3 C4+2 S2-2,-3,4,7,3.407771005482389,0.3598140758065087,0.38834043518050404,0.3598140758065087,0.38834043518050404,0.122174136670931,0.2292726789387852,4.235794440358332e-14,7.948915910007278e-14,4.391687510409627e-09,8.241465730882388e-09,7.097413582885229e-06,1.3319046649517186e-05,0.01419138196934718,0.026631628023854537,0.122174136670931,0.2292726789387852,0.04092912085874561,0.05170327014979569,0.005380244752981701,0.009176202621500292,0.026917638579295362,0.04080981946564961,0.013155514095890648,0.01673639816619833,0.1576771028727724,0.2958333689296077,0.051607007855682153,0.09664318817647102,0.05055587211980794,0.09912242787408382,0.12270137190580405,0.23501827702320024,0.08975361773267732,0.1684525898475251,0.08990832952820232,0.1687562593190771,0.017497351893323375,0.04948998470630494,0.0024147412322065138,0.006829919600415942,0.00838022340907173,0.02370285120165147,0.0074385804271954615,0.021039482649885744,0.2671951433579782,0.3833539996594952,0.05838134922934441,0.0856421706417397,0.1876761605902433,0.2667840868650316,0.09865018215268494,0.1405183244555602,0.0,0.0,0.0,0.0,0.0,0.0,0.0,0.0,0.0,0.0,0.0,0.0,0.022138786077249634,0.05164077174806501,0.0002859329831683869,0.0006378120684735075,0.009244762072026432,0.02179536889463443,0.007891189265689285,0.018472359395801947,0.012574282462490951,0.035565441591129725,0.0010754546831315446,0.0030418451972045795,0.0035667767792316135,0.010088368190293549,0.004602505869397252,0.013017852442806732,0.0,0.0,0.0,0.0,0.0,0.0,0.0,0.0,0.0,0.0,0.0,0.0,0.0,0.0,0.0,0.0,0.0,0.0,0.0,0.0,0.0,0.0,0.0,0.0,0.0,0.0,0.0,0.0,0.0,0.0,0.0,0.0,0.0,0.0,0.0,0.0,0.0,0.0,0.0,0.0,0.0,0.0,,0.3598140758065087,,,,,,,,0.04062998,7.526223e-09,77650.61188652577
Nb-Cr-N-F-OCN,0.385,3.266,7.0,"Full Formula (Nb1 Cr1 C1 N2 O1 F1)
Reduced Formula: NbCrCN2OF
abc   :   3.266875   3.266875  32.660554
angles:  90.000000  90.000000 120.000000
pbc   :       True       True       True
Sites (7)
  #  SP            a         b         c
---  ----  ---------  --------  --------
  0  C      0.666667  0.333333  0.178623
  1  Cr     0.333333  0.666667  0.255688
  2  F      0.333333  0.666667  0.351491
  3  N     -0         0         0.279389
  4  N      0.666667  0.333333  0.142196
  5  Nb     0.666667  0.333333  0.311359
  6  O      0.666667  0.333333  0.21928",NbCrNFOCN,1.2097711421144646,43.12421673330955,0.09749217694965488,Nb1 Cr1 N2 F1 O1 C1,Nb2+1 Cr3+1 N3-2 F-1 O2-1 C4+1,-3,4,7,3.0166206257996713,0.18937493934355448,0.3465830146482277,0.18937493934355448,0.3465830146482277,0.13951206245133768,0.34173336596907794,4.836902756972004e-14,1.18479436900426e-13,5.014918860194461e-09,1.2283992308936242e-08,8.104618817036827e-06,1.9852180661499238e-05,0.016205303524354047,0.039694724761593324,0.13951206245133768,0.34173336596907794,0.16214478217819317,0.3427489743973122,0.004888039270536787,0.005714354451769123,0.031821832120304025,0.04206506614214507,0.07666933019327458,0.1726251238647697,0.09222897075458429,0.22591391785080397,0.028491649225186287,0.06979000253207009,0.03903858953021981,0.09562462462699618,0.049756171017309,0.12187723054706405,0.05188566705657729,0.12709340925254914,0.05207219645986683,0.12755031111263435,0.007455456021952094,0.01826206305354273,0.0011593899220943126,0.0028399137220562064,0.0034653315625253,0.008488294117748527,0.0031099495524216686,0.007617789529230013,0.36862554824522986,0.4275822332956172,0.08280910439323555,0.09745622726569178,0.268965319244932,0.3168248255030731,0.13816000691998234,0.1604337136966718,0.0,0.0,0.0,0.0,0.0,0.0,0.0,0.0,0.0,0.0,0.0,0.0,0.029025145583697957,0.05022702758556077,0.0010858321273561045,0.0021663759505590368,0.011504753668182818,0.019322308744767546,0.011075835380615868,0.020421671207399107,0.011633095421450442,0.028495147911660808,0.0013827114007058867,0.00338693739325843,0.0037713731711889573,0.009237939899035019,0.0038787322445209037,0.009500914847956328,0.0,0.0,0.0,0.0,0.0,0.0,0.0,0.0,0.0,0.0,0.0,0.0,0.0,0.0,0.0,0.0,0.0,0.0,0.0,0.0,0.0,0.0,0.0,0.0,0.0,0.0,0.0,0.0,0.0,0.0,0.0,0.0,0.0,0.0,0.0,0.0,0.0,0.0,0.0,0.0,0.0,0.0,,0.18937493934355448,,,,,,,,0.089342795,7.526223e-09,30828.114740035864
Ta-Cr-N-F-F,0.153,3.306,5.0,"Full Formula (Ta1 Cr1 N1 F2)
Reduced Formula: TaCrNF2
abc   :   3.306372   3.306372  31.884901
angles:  90.000000  90.000000 120.000000
pbc   :       True       True       True
Sites (5)
  #  SP            a          b         c
---  ----  ---------  ---------  --------
  0  Cr     0.333333   0.666667  0.272267
  1  F      0.333333   0.666667  0.370886
  2  F      0.666667   0.333333  0.236963
  3  N     -0         -0         0.297303
  4  Ta     0.666667   0.333333  0.327984",TaCrNFF,1.5674535085601877,60.373903426633134,0.08765918192897108,Ta1 Cr1 N1 F2,Ta3+1 Cr2+1 N3-1 F-2,-3,3,6,2.581988897471611,0.0,0.0,0.0,0.0,0.0,0.0,0.0,0.0,0.0,0.0,0.0,0.0,0.0,0.0,0.0,0.0,0.36764634801720625,0.4473452822401644,0.007976677009317482,0.011555777142082708,0.07920276769706418,0.11075076894120801,0.17223429974291896,0.21402218053921362,0.03553390346634621,0.07106780693269242,0.009877907230923667,0.019755814461847335,0.008202145444853651,0.016404290889707303,0.014283894691504923,0.028567789383009846,0.01703657788480622,0.03407315576961244,0.01712649513209228,0.03425299026418456,0.0,0.0,0.0,0.0,0.0,0.0,0.0,0.0,0.522728177858349,0.43147820062718106,0.11856339723354012,0.10075236241818777,0.3527897806876498,0.2964813594858674,0.18267748707242162,0.15284255977326663,0.0,0.0,0.0,0.0,0.0,0.0,0.0,0.0,0.0,0.0,0.0,0.0,0.03679358425973593,0.07171340964672551,0.002329135183041536,0.0046475110058515545,0.01362059628141465,0.026438653246908857,0.016239888473656934,0.03189046677496509,0.03729798639836266,0.07459597279672532,0.003921161323587911,0.007842322647175822,0.011618239714216392,0.023236479428432783,0.01283579516985162,0.02567159033970324,0.0,0.0,0.0,0.0,0.0,0.0,0.0,0.0,0.0,0.0,0.0,0.0,0.0,0.0,0.0,0.0,0.0,0.0,0.0,0.0,0.0,0.0,0.0,0.0,0.0,0.0,0.0,0.0,0.0,0.0,0.0,0.0,0.0,0.0,0.0,0.0,0.0,0.0,0.0,0.0,0.0,0.0,,0.0,,,,,,,,0.09504399,1.5052446e-08,11557.171263846338
Nb-Cr-N-H-OCN,0.225,3.164,7.0,"Full Formula (Nb1 Cr1 H1 C1 N2 O1)
Reduced Formula: NbCrHCN2O
abc   :   3.164888   3.164888  34.799411
angles:  90.000000  90.000000 120.000000
pbc   :       True       True       True
Sites (7)
  #  SP            a          b         c
---  ----  ---------  ---------  --------
  0  C      0.666667   0.333333  0.182281
  1  Cr     0.333333   0.666667  0.257002
  2  H      0.333333   0.666667  0.341422
  3  N     -0         -0         0.276453
  4  N      0.666667   0.333333  0.148077
  5  Nb     0.666667   0.333333  0.312406
  6  O      0.666667   0.333333  0.220386",NbCrNHOCN,1.1108082945395297,43.12421673330972,0.09597447177359193,Nb1 Cr1 N2 H1 O1 C1,Nb5+1 Cr6+1 N3-2 H+1 O2-1 C4-1,-4,6,10,4.183300132670378,0.192729330224677,0.34823739513694774,0.192729330224677,0.34823739513694774,0.14004313330503984,0.34303421857791233,4.8553150578962726e-14,1.1893044432297634e-13,5.034008802623341e-09,1.2330752927106102e-08,8.13547010515104e-06,1.9927750575286657e-05,0.01626699112488094,0.03984582790634085,0.14004313330503984,0.34303421857791233,0.19035948918734813,0.33798533059420865,0.023616723775234723,0.02765646112764166,0.11360524166832434,0.16314306895959838,0.06456596401930921,0.13434195813741898,0.09543518255716651,0.23376750077441943,0.03181530490350624,0.07793126302465787,0.027190783533927888,0.06660354536459409,0.06341253741765208,0.15532835996839325,0.054860968336703654,0.1343813792199083,0.05491041744937027,0.13450250431417493,0.0003637824845452258,0.0008910814644977105,4.104855864977065e-05,0.00010054802336864692,0.00018168569379140023,0.0004450372433524802,0.0001564745495420686,0.0003832828041099153,0.3467475508506689,0.4010219427235084,0.07879959451005537,0.09136657791071463,0.2667473613751495,0.31674758693252797,0.15268125042490086,0.17636201793733056,0.0,0.0,0.0,0.0,0.0,0.0,0.0,0.0,0.0,0.0,0.0,0.0,0.03359396787659924,0.054016399769674525,0.00095578422034397,0.0018786869654324216,0.013788794797385052,0.022731464514482852,0.011286885589938987,0.017859174302756457,0.0007275635139551778,0.0017821593646564938,9.892658624940225e-05,0.00024231965830646618,0.0002389064684776086,0.0005851989440204549,0.00023570135995672588,0.0005773480635740458,0.0,0.0,0.0,0.0,0.0,0.0,0.0,0.0,0.0,0.0,0.0,0.0,0.0,0.0,0.0,0.0,0.0,0.0,0.0,0.0,0.0,0.0,0.0,0.0,0.0,0.0,0.0,0.0,0.0,0.0,0.0,0.0,0.0,0.0,0.0,0.0,0.0,0.0,0.0,0.0,0.0,0.0,,0.192729330224677,,,,,,,,0.12611055,0.0,1722.7090710500386
Ta-Cr-N-NCO-Br,0.197,3.264,7.0,"Full Formula (Ta1 Cr1 C1 Br1 N2 O1)
Reduced Formula: TaCrCBrN2O
abc   :   3.264755   3.264755  32.702994
angles:  90.000000  90.000000 120.000000
pbc   :       True       True       True
Sites (7)
  #  SP            a          b         c
---  ----  ---------  ---------  --------
  0  Br     0.666667   0.333333  0.234699
  1  C      0.333333   0.666667  0.428207
  2  Cr     0.333333   0.666667  0.290831
  3  N     -0         -0         0.312281
  4  N      0.333333   0.666667  0.389895
  5  O      0.333333   0.666667  0.465048
  6  Ta     0.666667   0.333333  0.346941",TaCrNNCOBr,2.0291068464529025,43.124216733309666,0.1168615640366152,Ta1 Cr1 N2 C1 O1 Br1,Ta3+1 Cr2+1 N3-2 C4+1 O2-1 Br-1,-3,4,7,3.0166206257996713,0.1974858452612352,0.3420896229254729,0.1974858452612352,0.3420896229254729,0.1294911489379245,0.31718724110465496,4.4894762810906595e-14,1.0996926100999937e-13,4.654705791218277e-09,1.1401654091262628e-08,7.522477869525313e-06,1.842623238171571e-05,0.015041304209722706,0.036843520379797205,0.1294911489379245,0.31718724110465496,0.214125874576394,0.34300587994415327,0.022888023399678232,0.0439844148846476,0.07062922821416875,0.13360180987788323,0.051110390059808386,0.09045339678624655,0.10159443437226888,0.24885452491873136,0.03438150361445642,0.08421714044507377,0.02120364578976299,0.05193811287163217,0.09671688963686885,0.2369070291194029,0.05584585650114094,0.136793852676486,0.055908255535964346,0.1369466984722455,0.0,0.0,0.0,0.0,0.0,0.0,0.0,0.0,0.30329286381586656,0.37216815288887023,0.06752662408784817,0.08783501689014221,0.21571719675447484,0.28732651519070956,0.12374524091262454,0.14804767502123956,0.0,0.0,0.0,0.0,0.0,0.0,0.0,0.0,0.0,0.0,0.0,0.0,0.053646050369874146,0.08306237776792219,0.0029827311388231806,0.004238678270007008,0.021685284111538132,0.03514074002861526,0.013596138596250326,0.020363803687656765,0.00036378266643672573,0.0005751908996146715,5.094925891935752e-05,8.079561444829512e-05,0.00010798327608564156,0.00017283172241903028,0.00012910808682469035,0.00021011942844206992,0.0,0.0,0.0,0.0,0.0,0.0,0.0,0.0,0.0,0.0,0.0,0.0,0.0,0.0,0.0,0.0,0.0,0.0,0.0,0.0,0.0,0.0,0.0,0.0,0.0,0.0,0.0,0.0,0.0,0.0,0.0,0.0,0.0,0.0,0.0,0.0,0.0,0.0,0.0,0.0,0.0,0.0,,0.1974858452612352,,,,,,,,0.1086251,1.5052446e-08,711.9430255318188
Ta-Cr-N-F-OH,0.136,3.276,6.0,"Full Formula (Ta1 Cr1 H1 N1 O1 F1)
Reduced Formula: TaCrHNOF
abc   :   3.276166   3.276166  32.475576
angles:  90.000000  90.000000 120.000000
pbc   :       True       True       True
Sites (6)
  #  SP            a         b         c
---  ----  ---------  --------  --------
  0  Cr     0.333333  0.666667  0.265155
  1  F      0.333333  0.666667  0.363179
  2  H      0.666667  0.333333  0.199976
  3  N     -0         0         0.290665
  4  O      0.666667  0.333333  0.230391
  5  Ta     0.666667  0.333333  0.320548",TaCrNFOH,1.5565009676620907,50.31158618886104,0.08913872766060675,Ta1 Cr1 N1 F1 O1 H1,Ta3+1 Cr2+1 N3-1 F-1 O2-1 H+1,-3,3,6,2.3664319132398464,0.24747919974068408,0.3802692537839632,0.24747919974068408,0.3802692537839632,0.0,0.0,0.0,0.0,0.0,0.0,0.0,0.0,0.0,0.0,0.0,0.0,0.17005287648216702,0.3711895789936609,0.0014329545241745327,0.0017485600416191364,0.015838520537486377,0.0279333781805925,0.08368023867348072,0.18483241218469515,0.07376491097597852,0.16494335529650833,0.020957003626016765,0.04686128471248306,0.03731074571614798,0.08342936371251596,0.031525836239573855,0.07049391287921349,0.03951106790576495,0.0883494337009007,0.03976339882891698,0.08891366279789391,0.01208922261667073,0.027032323566003633,0.002338517293675195,0.0052290836352165745,0.005180213680892194,0.011583309928449349,0.0047557294220217155,0.010634134270236342,0.43760092875239964,0.4416018548402152,0.095694994423745,0.09839621139297648,0.3034225080756043,0.30901612503511316,0.15576108319124823,0.1588753544645991,0.0,0.0,0.0,0.0,0.0,0.0,0.0,0.0,0.0,0.0,0.0,0.0,0.030452229088297863,0.06422672905304412,0.0014934293042709176,0.003276321082317135,0.011694784555027692,0.024488368693190717,0.012923080794005814,0.0277243542747227,0.028560632343802114,0.06386351540112067,0.0032695467120715024,0.007310928703802812,0.008954180044836989,0.020022155263027624,0.00945702804530296,0.021146557574419377,0.0,0.0,0.0,0.0,0.0,0.0,0.0,0.0,0.0,0.0,0.0,0.0,0.0,0.0,0.0,0.0,0.0,0.0,0.0,0.0,0.0,0.0,0.0,0.0,0.0,0.0,0.0,0.0,0.0,0.0,0.0,0.0,0.0,0.0,0.0,0.0,0.0,0.0,0.0,0.0,0.0,0.0,,0.24747919974068408,,,,,,,,0.05228303,2.257867e-08,43996.09726741156
Ta-Cr-N-NCS-SCN,0.25,3.392,9.0,"Full Formula (Ta1 Cr1 C2 S2 N3)
Reduced Formula: TaCrC2S2N3
abc   :   3.392354   3.392354  30.289095
angles:  90.000000  90.000000 120.000000
pbc   :       True       True       True
Sites (9)
  #  SP           a         b         c
---  ----  --------  --------  --------
  0  C     0.333333  0.666667  0.417362
  1  C     0.666667  0.333333  0.171711
  2  Cr    0.333333  0.666667  0.267987
  3  N     0         0         0.304581
  4  N     0.333333  0.666667  0.37583
  5  N     0.666667  0.333333  0.132404
  6  S     0.333333  0.666667  0.468567
  7  S     0.666667  0.333333  0.228046
  8  Ta    0.666667  0.333333  0.329237",TaCrNNCSSCN,1.997443951267345,33.54105745924079,0.1290829933743717,Ta1 Cr1 N3 C2 S2,Ta3+1 Cr2+1 N3-3 C4+2 S2-2,-3,4,7,3.407771005482389,0.3595711442235207,0.3883347521759124,0.3595711442235207,0.3883347521759124,0.12241706825391906,0.2298112928169762,4.244216912385942e-14,7.967589728647686e-14,4.400419960893532e-09,8.260826815856992e-09,7.111526110821117e-06,1.3350336131556251e-05,0.01421960017477545,0.026694191799524904,0.12241706825391906,0.2298112928169762,0.050728279872573716,0.06667489927547282,0.01093792601614372,0.019783497958673152,0.038795029553629845,0.06277566146198801,0.013580421366137527,0.017734039167685657,0.15125403648961974,0.2831052863382678,0.04814665459411937,0.09012923373721017,0.0533200654679355,0.10619962228797686,0.11187472804731052,0.22161991632938563,0.08466136436194426,0.15841445295040762,0.08488969997409368,0.15884832356318077,0.021000929687480033,0.05939959917295605,0.00355484012676356,0.010054606238674237,0.009499619695254948,0.02686898202083223,0.008596714969054915,0.024315181802186524,0.25401330537003197,0.36320845093097737,0.05923581880412682,0.08658020118018878,0.17930468353460288,0.2577933470688527,0.09669035607925272,0.13688614260860954,0.0,0.0,0.0,0.0,0.0,0.0,0.0,0.0,0.0,0.0,0.0,0.0,0.026328811622701995,0.0648226493782994,0.00019063083497924014,0.0003566612270474017,0.011222015634910982,0.028151995271540452,0.009205688867486635,0.022520119816898297,0.014686424480152782,0.041539481365200595,0.0010827871854359116,0.003062584645614515,0.003860602553279296,0.01091943297955956,0.005490540660687143,0.015529594134209382,0.0,0.0,0.0,0.0,0.0,0.0,0.0,0.0,0.0,0.0,0.0,0.0,0.0,0.0,0.0,0.0,0.0,0.0,0.0,0.0,0.0,0.0,0.0,0.0,0.0,0.0,0.0,0.0,0.0,0.0,0.0,0.0,0.0,0.0,0.0,0.0,0.0,0.0,0.0,0.0,0.0,0.0,,0.3595711442235207,,,,,,,,0.039803475,1.8815557e-08,83954.3680193235
